,score
0,8
1,9
2,7
3,10
4,8
5,8
6,10
7,10
8,9
9,9
10,8
11,8
12,7
13,6
14,6
15,12
16,8
17,8
18,4
19,6
20,8
21,3
22,10
23,11
24,8
25,9
26,4
27,9
28,9
29,8
30,10
31,10
32,6
33,8
34,9
35,10
36,12
37,8
38,10
39,7
40,2
41,8
42,6
43,8
44,8
45,8
46,8
47,11
48,6
49,5
50,9
51,7
52,8
53,10
54,8
55,10
56,9
57,7
58,8
59,4
60,8
61,8
62,8
63,7
64,9
65,9
66,8
67,9
68,7
69,12
70,10
71,10
72,8
73,7
74,8
75,8
76,10
77,10
78,10
79,8
80,8
81,8
82,7
83,6
84,10
85,8
86,10
87,9
88,6
89,7
90,8
91,11
92,11
93,8
94,10
95,7
96,8
97,11
98,8
99,7
100,10
101,8
102,9
103,10
104,9
105,11
106,10
107,8
108,8
109,6
110,11
111,9
112,8
113,8
114,9
115,4
116,8
117,12
118,10
119,8
120,8
121,9
122,10
123,7
124,5
125,8
126,9
127,9
128,10
129,10
130,10
131,11
132,10
133,10
134,7
135,9
136,7
137,10
138,7
139,9
140,10
141,10
142,7
143,9
144,10
145,6
146,12
147,9
148,8
149,8
150,8
151,6
152,9
153,12
154,10
155,8
156,9
157,9
158,10
159,8
160,10
161,12
162,8
163,8
164,9
165,10
166,8
167,9
168,6
169,8
170,8
171,8
172,8
173,8
174,8
175,10
176,8
177,8
178,8
179,10
180,10
181,8
182,8
183,8
184,8
185,8
186,5
187,9
188,6
189,10
190,8
191,11
192,8
193,10
194,5
195,8
196,10
197,10
198,11
199,8
200,9
201,8
202,10
203,10
204,10
205,10
206,8
207,6
208,6
209,9
210,6
211,7
212,8
213,8
214,10
215,8
216,10
217,8
218,9
219,10
220,6
221,9
222,8
223,8
224,12
225,8
226,9
227,8
228,8
229,9
230,8
231,12
232,7
233,8
234,7
235,6
236,8
237,9
238,9
239,8
240,9
241,9
242,11
243,7
244,7
245,11
246,8
247,9
248,9
249,10
250,9
251,9
252,6
253,10
254,8
255,8
256,8
257,11
258,9
259,7
260,9
261,8
262,10
263,8
264,11
265,11
266,10
267,8
268,9
269,8
270,8
271,10
272,8
273,9
274,11
275,8
276,9
277,8
278,10
279,10
280,7
281,8
282,6
283,8
284,11
285,4
286,12
287,8
288,10
289,11
290,11
291,11
292,8
293,10
294,10
295,10
296,9
297,8
298,8
299,8
300,9
301,10
302,10
303,9
304,10
305,8
306,9
307,6
308,9
309,10
310,9
311,7
312,9
313,10
314,9
315,10
316,8
317,9
318,8
319,12
320,8
321,10
322,8
323,9
324,10
325,6
326,8
327,8
328,11
329,10
330,8
331,9
332,10
333,9
334,11
335,10
336,8
337,11
338,9
339,8
340,9
341,9
342,10
343,12
344,7
345,8
346,8
347,8
348,9
349,7
350,5
351,8
352,6
353,8
354,8
355,7
356,2
357,6
358,10
359,10
360,8
361,11
362,9
363,8
364,8
365,9
366,8
367,10
368,8
369,10
370,8
371,7
372,4
373,8
374,10
375,11
376,9
377,10
378,10
379,7
380,11
381,8
382,11
383,10
384,8
385,7
386,8
387,10
388,12
389,8
390,8
391,7
392,6
393,7
394,10
395,10
396,8
397,8
398,6
399,8
400,8
401,8
402,9
403,8
404,8
405,8
406,8
407,8
408,12
409,10
410,9
411,8
412,7
413,6
414,8
415,12
416,6
417,8
418,6
419,7
420,9
421,9
422,10
423,9
424,11
425,8
426,9
427,8
428,11
429,8
430,11
431,7
432,11
433,8
434,8
435,8
436,10
437,8
438,8
439,10
440,8
441,8
442,8
443,10
444,11
445,9
446,2
447,7
448,8
449,7
450,9
451,8
452,4
453,7
454,10
455,9
456,8
457,8
458,8
459,8
460,8
461,7
462,8
463,9
464,8
465,8
466,9
467,8
468,8
469,12
470,7
471,6
472,9
473,8
474,6
475,8
476,10
477,8
478,10
479,9
480,9
481,7
482,10
483,9
484,8
485,8
486,9
487,8
488,8
489,7
490,8
491,9
492,8
493,9
494,9
495,12
496,9
497,10
498,8
499,7
500,8
501,10
502,10
503,7
504,10
505,9
506,11
507,7
508,8
509,8
510,8
511,8
512,8
513,8
514,8
515,8
516,12
517,6
518,7
519,9
520,10
521,8
522,9
523,7
524,8
525,6
526,7
527,10
528,10
529,8
530,8
531,11
532,8
533,8
534,8
535,8
536,9
537,8
538,8
539,10
540,8
541,8
542,2
543,6
544,8
545,8
546,8
547,10
548,8
549,6
550,8
551,8
552,11
553,10
554,10
555,10
556,12
557,8
558,8
559,10
560,7
561,8
562,9
563,8
564,8
565,8
566,8
567,8
568,9
569,11
570,10
571,8
572,10
573,8
574,6
575,9
576,8
577,8
578,8
579,11
580,9
581,9
582,11
583,8
584,9
585,10
586,5
587,6
588,8
589,8
590,10
591,7
592,8
593,6
594,8
595,8
596,8
597,6
598,8
599,8
600,11
601,9
602,6
603,8
604,9
605,7
606,7
607,7
608,9
609,10
610,8
611,6
612,9
613,8
614,9
615,8
616,11
617,7
618,8
619,8
620,6
621,8
622,11
623,7
624,8
625,11
626,11
627,8
628,6
629,10
630,8
631,5
632,10
633,9
634,8
635,8
636,6
637,7
638,7
639,8
640,10
641,8
642,8
643,9
644,11
645,6
646,8
647,10
648,8
649,9
650,8
651,10
652,7
653,9
654,9
655,8
656,10
657,11
658,8
659,6
660,8
661,9
662,7
663,8
664,9
665,10
666,8
667,8
668,8
669,9
670,6
671,8
672,8
673,8
674,8
675,8
676,8
677,9
678,8
679,11
680,10
681,8
682,8
683,9
684,8
685,9
686,8
687,9
688,6
689,6
690,8
691,8
692,9
693,8
694,8
695,6
696,12
697,8
698,8
699,6
700,8
701,7
702,8
703,10
704,8
705,9
706,10
707,11
708,10
709,9
710,10
711,9
712,8
713,9
714,8
715,10
716,7
717,10
718,9
719,10
720,10
721,8
722,6
723,10
724,6
725,8
726,7
727,10
728,8
729,9
730,8
731,10
732,9
733,10
734,8
735,6
736,9
737,8
738,8
739,10
740,10
741,9
742,9
743,8
744,8
745,8
746,10
747,8
748,8
749,7
750,8
751,9
752,9
753,8
754,9
755,8
756,10
757,9
758,8
759,10
760,8
761,9
762,7
763,8
764,8
765,8
766,10
767,8
768,9
769,10
770,8
771,8
772,7
773,7
774,10
775,9
776,8
777,9
778,10
779,11
780,7
781,10
782,8
783,8
784,8
785,8
786,7
787,9
788,8
789,8
790,11
791,8
792,8
793,8
794,10
795,9
796,8
797,10
798,9
799,8
800,6
801,8
802,9
803,6
804,11
805,7
806,9
807,8
808,8
809,8
810,8
811,8
812,10
813,9
814,12
815,8
816,8
817,5
818,9
819,8
820,8
821,9
822,6
823,10
824,6
825,9
826,8
827,10
828,8
829,2
830,9
831,10
832,10
833,8
834,8
835,5
836,10
837,8
838,7
839,8
840,8
841,8
842,10
843,8
844,12
845,6
846,7
847,10
848,9
849,10
850,9
851,8
852,8
853,10
854,8
855,9
856,12
857,8
858,8
859,8
860,10
861,10
862,8
863,7
864,8
865,12
866,6
867,9
868,10
869,8
870,9
871,12
872,11
873,8
874,11
875,9
876,8
877,10
878,8
879,9
880,9
881,8
882,7
883,11
884,9
885,10
886,8
887,8
888,9
889,10
890,4
891,10
892,10
893,8
894,9
895,8
896,8
897,10
898,8
899,10
900,8
901,8
902,6
903,11
904,9
905,10
906,10
907,8
908,8
909,10
910,10
911,9
912,10
913,11
914,6
915,10
916,11
917,8
918,8
919,8
920,6
921,8
922,7
923,7
924,7
925,10
926,10
927,8
928,8
929,12
930,8
931,8
932,9
933,7
934,11
935,11
936,6
937,8
938,12
939,9
940,9
941,8
942,8
943,8
944,10
945,9
946,8
947,10
948,7
949,8
950,12
951,10
952,8
953,9
954,9
955,8
956,9
957,7
958,8
959,9
960,8
961,11
962,7
963,7
964,11
965,9
966,8
967,11
968,9
969,8
970,6
971,2
972,8
973,8
974,7
975,8
976,10
977,10
978,8
979,8
980,8
981,8
982,9
983,11
984,8
985,8
986,9
987,8
988,6
989,5
990,9
991,9
992,4
993,7
994,10
995,9
996,12
997,12
998,8
999,8
1000,9
1001,6
1002,9
1003,8
1004,10
1005,10
1006,8
1007,8
1008,8
1009,9
1010,7
1011,8
1012,10
1013,8
1014,8
1015,10
1016,10
1017,8
1018,9
1019,11
1020,8
1021,9
1022,8
1023,10
1024,8
1025,10
1026,10
1027,8
1028,9
1029,8
1030,10
1031,8
1032,8
1033,9
1034,8
1035,11
1036,8
1037,6
1038,6
1039,8
1040,9
1041,7
1042,9
1043,9
1044,11
1045,10
1046,10
1047,11
1048,7
1049,9
1050,9
1051,8
1052,8
1053,6
1054,10
1055,8
1056,8
1057,8
1058,8
1059,10
1060,10
1061,9
1062,7
1063,9
1064,9
1065,9
1066,10
1067,7
1068,8
1069,8
1070,8
1071,8
1072,8
1073,10
1074,8
1075,12
1076,8
1077,8
1078,7
1079,9
1080,7
1081,9
1082,10
1083,8
1084,11
1085,8
1086,8
1087,6
1088,10
1089,10
1090,8
1091,8
1092,8
1093,4
1094,10
1095,9
1096,8
1097,9
1098,8
1099,8
1100,6
1101,10
1102,9
1103,9
1104,4
1105,9
1106,8
1107,8
1108,11
1109,8
1110,10
1111,10
1112,9
1113,8
1114,7
1115,8
1116,9
1117,8
1118,2
1119,10
1120,6
1121,9
1122,8
1123,10
1124,8
1125,8
1126,8
1127,6
1128,8
1129,12
1130,6
1131,11
1132,8
1133,8
1134,8
1135,10
1136,9
1137,6
1138,8
1139,8
1140,11
1141,9
1142,8
1143,9
1144,9
1145,10
1146,8
1147,10
1148,8
1149,9
1150,8
1151,8
1152,10
1153,6
1154,9
1155,12
1156,8
1157,8
1158,8
1159,10
1160,9
1161,8
1162,9
1163,10
1164,8
1165,10
1166,12
1167,12
1168,7
1169,8
1170,10
1171,9
1172,8
1173,6
1174,9
1175,8
1176,8
1177,10
1178,7
1179,8
1180,10
1181,8
1182,9
1183,10
1184,8
1185,9
1186,9
1187,8
1188,8
1189,10
1190,10
1191,11
1192,8
1193,8
1194,7
1195,8
1196,9
1197,12
1198,8
1199,8
1200,9
1201,8
1202,11
1203,8
1204,7
1205,8
1206,8
1207,9
1208,9
1209,8
1210,10
1211,8
1212,9
1213,4
1214,9
1215,8
1216,10
1217,10
1218,6
1219,9
1220,9
1221,8
1222,8
1223,8
1224,8
1225,8
1226,10
1227,6
1228,10
1229,9
1230,8
1231,10
1232,11
1233,10
1234,11
1235,10
1236,9
1237,8
1238,9
1239,8
1240,10
1241,7
1242,8
1243,8
1244,10
1245,12
1246,8
1247,11
1248,4
1249,8
1250,11
1251,8
1252,9
1253,12
1254,10
1255,8
1256,9
1257,8
1258,9
1259,9
1260,10
1261,8
1262,8
1263,8
1264,11
1265,10
1266,8
1267,9
1268,10
1269,6
1270,7
1271,8
1272,7
1273,8
1274,9
1275,6
1276,8
1277,10
1278,10
1279,8
1280,8
1281,8
1282,10
1283,10
1284,7
1285,8
1286,8
1287,8
1288,7
1289,9
1290,4
1291,9
1292,8
1293,7
1294,11
1295,7
1296,8
1297,10
1298,7
1299,11
1300,11
1301,8
1302,9
1303,9
1304,8
1305,7
1306,10
1307,9
1308,8
1309,10
1310,9
1311,9
1312,8
1313,8
1314,9
1315,11
1316,9
1317,9
1318,8
1319,8
1320,10
1321,8
1322,11
1323,8
1324,7
1325,8
1326,9
1327,9
1328,8
1329,8
1330,7
1331,10
1332,8
1333,9
1334,8
1335,8
1336,10
1337,8
1338,8
1339,8
1340,8
1341,8
1342,8
1343,7
1344,11
1345,10
1346,9
1347,8
1348,10
1349,8
1350,8
1351,8
1352,8
1353,11
1354,11
1355,8
1356,10
1357,9
1358,8
1359,9
1360,8
1361,8
1362,6
1363,7
1364,9
1365,9
1366,12
1367,8
1368,8
1369,10
1370,10
1371,8
1372,8
1373,9
1374,10
1375,12
1376,8
1377,10
1378,9
1379,10
1380,9
1381,9
1382,7
1383,8
1384,8
1385,8
1386,8
1387,5
1388,11
1389,6
1390,9
1391,9
1392,7
1393,9
1394,8
1395,9
1396,10
1397,9
1398,11
1399,10
1400,9
1401,9
1402,10
1403,8
1404,9
1405,7
1406,11
1407,10
1408,9
1409,8
1410,12
1411,8
1412,10
1413,8
1414,10
1415,8
1416,6
1417,8
1418,8
1419,10
1420,8
1421,10
1422,11
1423,6
1424,7
1425,8
1426,6
1427,8
1428,8
1429,9
1430,10
1431,8
1432,8
1433,9
1434,10
1435,10
1436,8
1437,6
1438,12
1439,10
1440,8
1441,10
1442,12
1443,9
1444,9
1445,10
1446,9
1447,12
1448,9
1449,11
1450,8
1451,10
1452,7
1453,9
1454,8
1455,10
1456,6
1457,7
1458,8
1459,10
1460,8
1461,8
1462,10
1463,9
1464,8
1465,10
1466,8
1467,8
1468,6
1469,4
1470,8
1471,9
1472,6
1473,9
1474,7
1475,9
1476,7
1477,7
1478,6
1479,9
1480,9
1481,8
1482,8
1483,8
1484,9
1485,6
1486,11
1487,8
1488,11
1489,10
1490,8
1491,6
1492,9
1493,8
1494,10
1495,8
1496,8
1497,10
1498,9
1499,8
1500,9
1501,8
1502,9
1503,8
1504,8
1505,8
1506,7
1507,8
1508,5
1509,8
1510,10
1511,8
1512,8
1513,10
1514,8
1515,9
1516,8
1517,10
1518,8
1519,6
1520,8
1521,10
1522,10
1523,6
1524,8
1525,8
1526,8
1527,6
1528,6
1529,9
1530,6
1531,4
1532,8
1533,9
1534,9
1535,8
1536,8
1537,10
1538,8
1539,10
1540,8
1541,10
1542,7
1543,8
1544,6
1545,8
1546,9
1547,6
1548,7
1549,8
1550,2
1551,8
1552,8
1553,8
1554,7
1555,9
1556,9
1557,4
1558,6
1559,8
1560,8
1561,8
1562,11
1563,7
1564,5
1565,11
1566,7
1567,8
1568,10
1569,8
1570,9
1571,8
1572,8
1573,9
1574,8
1575,8
1576,11
1577,10
1578,8
1579,9
1580,9
1581,7
1582,10
1583,10
1584,10
1585,11
1586,9
1587,2
1588,10
1589,8
1590,8
1591,9
1592,11
1593,10
1594,9
1595,8
1596,8
1597,10
1598,8
1599,8
1600,8
1601,9
1602,9
1603,8
1604,9
1605,11
1606,8
1607,8
1608,9
1609,9
1610,9
1611,9
1612,8
1613,8
1614,9
1615,7
1616,10
1617,10
1618,9
1619,8
1620,8
1621,8
1622,8
1623,10
1624,10
1625,10
1626,8
1627,8
1628,8
1629,8
1630,10
1631,10
1632,8
1633,8
1634,10
1635,8
1636,8
1637,8
1638,11
1639,8
1640,11
1641,8
1642,6
1643,11
1644,9
1645,8
1646,9
1647,8
1648,8
1649,9
1650,8
1651,8
1652,8
1653,9
1654,9
1655,8
1656,10
1657,8
1658,9
1659,8
1660,9
1661,9
1662,10
1663,9
1664,10
1665,9
1666,11
1667,6
1668,5
1669,8
1670,11
1671,8
1672,10
1673,8
1674,8
1675,8
1676,6
1677,8
1678,7
1679,8
1680,8
1681,5
1682,10
1683,8
1684,7
1685,9
1686,11
1687,9
1688,10
1689,10
1690,9
1691,9
1692,8
1693,8
1694,8
1695,9
1696,8
1697,8
1698,11
1699,8
1700,12
1701,6
1702,7
1703,7
1704,8
1705,9
1706,6
1707,9
1708,8
1709,6
1710,10
1711,7
1712,8
1713,9
1714,8
1715,11
1716,9
1717,9
1718,9
1719,10
1720,9
1721,9
1722,10
1723,9
1724,8
1725,10
1726,9
1727,8
1728,8
1729,9
1730,7
1731,11
1732,8
1733,7
1734,10
1735,8
1736,8
1737,6
1738,9
1739,11
1740,10
1741,10
1742,8
1743,9
1744,6
1745,8
1746,8
1747,9
1748,8
1749,10
1750,8
1751,10
1752,8
1753,10
1754,10
1755,12
1756,8
1757,8
1758,12
1759,8
1760,5
1761,8
1762,9
1763,8
1764,9
1765,10
1766,8
1767,10
1768,8
1769,10
1770,9
1771,9
1772,11
1773,5
1774,10
1775,9
1776,10
1777,8
1778,8
1779,7
1780,8
1781,2
1782,7
1783,4
1784,1
1785,2
1786,4
1787,4
1788,4
1789,5
1790,2
1791,4
1792,4
1793,3
1794,3
1795,5
1796,3
1797,3
1798,3
1799,4
1800,3
1801,1
1802,3
1803,3
1804,3
1805,3
1806,4
1807,3
1808,4
1809,4
1810,2
1811,3
1812,3
1813,4
1814,3
1815,3
1816,4
1817,3
1818,4
1819,4
1820,3
1821,3
1822,4
1823,3
1824,4
1825,4
1826,4
1827,4
1828,4
1829,4
1830,3
1831,4
1832,3
1833,5
1834,3
1835,4
1836,3
1837,4
1838,4
1839,4
1840,2
1841,3
1842,4
1843,2
1844,3
1845,3
1846,4
1847,4
1848,3
1849,3
1850,4
1851,3
1852,3
1853,3
1854,4
1855,2
1856,4
1857,4
1858,3
1859,3
1860,3
1861,3
1862,3
1863,3
1864,3
1865,4
1866,3
1867,3
1868,4
1869,3
1870,3
1871,1
1872,4
1873,2
1874,4
1875,3
1876,4
1877,4
1878,4
1879,4
1880,4
1881,3
1882,5
1883,3
1884,3
1885,4
1886,4
1887,3
1888,3
1889,3
1890,3
1891,2
1892,2
1893,3
1894,3
1895,3
1896,2
1897,3
1898,3
1899,4
1900,2
1901,1
1902,3
1903,3
1904,4
1905,3
1906,3
1907,3
1908,3
1909,5
1910,3
1911,4
1912,3
1913,3
1914,3
1915,3
1916,3
1917,3
1918,3
1919,4
1920,4
1921,3
1922,3
1923,2
1924,4
1925,3
1926,4
1927,4
1928,4
1929,4
1930,4
1931,4
1932,3
1933,4
1934,4
1935,4
1936,4
1937,3
1938,4
1939,4
1940,3
1941,4
1942,3
1943,4
1944,3
1945,4
1946,3
1947,4
1948,3
1949,4
1950,4
1951,3
1952,2
1953,3
1954,3
1955,4
1956,3
1957,4
1958,4
1959,3
1960,3
1961,4
1962,4
1963,2
1964,1
1965,3
1966,3
1967,4
1968,5
1969,3
1970,4
1971,4
1972,3
1973,4
1974,3
1975,3
1976,5
1977,4
1978,3
1979,3
1980,4
1981,4
1982,1
1983,4
1984,4
1985,3
1986,4
1987,2
1988,3
1989,3
1990,4
1991,2
1992,3
1993,3
1994,4
1995,4
1996,4
1997,3
1998,3
1999,3
2000,4
2001,4
2002,3
2003,2
2004,4
2005,4
2006,4
2007,5
2008,4
2009,3
2010,3
2011,4
2012,3
2013,4
2014,3
2015,4
2016,3
2017,4
2018,4
2019,4
2020,3
2021,4
2022,4
2023,3
2024,4
2025,3
2026,3
2027,3
2028,3
2029,3
2030,4
2031,4
2032,3
2033,4
2034,4
2035,2
2036,4
2037,3
2038,3
2039,3
2040,4
2041,4
2042,2
2043,2
2044,4
2045,2
2046,1
2047,4
2048,4
2049,2
2050,2
2051,3
2052,4
2053,4
2054,3
2055,2
2056,3
2057,4
2058,4
2059,5
2060,3
2061,3
2062,1
2063,4
2064,2
2065,4
2066,4
2067,4
2068,4
2069,2
2070,4
2071,4
2072,3
2073,3
2074,4
2075,3
2076,4
2077,2
2078,4
2079,4
2080,3
2081,3
2082,5
2083,4
2084,4
2085,3
2086,4
2087,4
2088,3
2089,4
2090,4
2091,3
2092,3
2093,4
2094,3
2095,4
2096,5
2097,4
2098,4
2099,4
2100,3
2101,4
2102,3
2103,4
2104,4
2105,4
2106,3
2107,4
2108,3
2109,3
2110,3
2111,5
2112,3
2113,4
2114,4
2115,6
2116,4
2117,4
2118,3
2119,3
2120,4
2121,3
2122,3
2123,3
2124,3
2125,4
2126,4
2127,3
2128,4
2129,3
2130,4
2131,3
2132,3
2133,3
2134,3
2135,3
2136,4
2137,3
2138,3
2139,4
2140,4
2141,3
2142,4
2143,3
2144,4
2145,4
2146,3
2147,4
2148,5
2149,3
2150,3
2151,2
2152,4
2153,4
2154,3
2155,3
2156,4
2157,2
2158,2
2159,3
2160,3
2161,3
2162,3
2163,3
2164,2
2165,4
2166,4
2167,4
2168,2
2169,4
2170,3
2171,4
2172,4
2173,4
2174,3
2175,4
2176,3
2177,3
2178,3
2179,4
2180,3
2181,4
2182,2
2183,3
2184,1
2185,3
2186,3
2187,4
2188,5
2189,4
2190,4
2191,4
2192,3
2193,3
2194,3
2195,3
2196,4
2197,3
2198,3
2199,3
2200,3
2201,3
2202,4
2203,4
2204,4
2205,3
2206,3
2207,4
2208,3
2209,4
2210,3
2211,4
2212,4
2213,3
2214,3
2215,3
2216,4
2217,4
2218,3
2219,4
2220,3
2221,3
2222,3
2223,5
2224,2
2225,4
2226,4
2227,2
2228,2
2229,4
2230,4
2231,1
2232,4
2233,6
2234,2
2235,3
2236,3
2237,4
2238,3
2239,2
2240,2
2241,4
2242,3
2243,3
2244,3
2245,4
2246,2
2247,4
2248,4
2249,4
2250,4
2251,4
2252,4
2253,3
2254,4
2255,3
2256,4
2257,3
2258,4
2259,2
2260,3
2261,3
2262,3
2263,4
2264,3
2265,4
2266,3
2267,3
2268,3
2269,4
2270,3
2271,3
2272,4
2273,4
2274,4
2275,4
2276,3
2277,3
2278,2
2279,4
2280,2
2281,3
2282,3
2283,2
2284,3
2285,3
2286,4
2287,3
2288,4
2289,3
2290,4
2291,1
2292,4
2293,3
2294,3
2295,4
2296,2
2297,4
2298,2
2299,2
2300,4
2301,4
2302,3
2303,4
2304,2
2305,2
2306,4
2307,3
2308,3
2309,4
2310,3
2311,4
2312,4
2313,3
2314,5
2315,3
2316,3
2317,4
2318,3
2319,4
2320,3
2321,4
2322,2
2323,4
2324,4
2325,4
2326,4
2327,3
2328,4
2329,4
2330,3
2331,3
2332,4
2333,4
2334,4
2335,4
2336,4
2337,3
2338,4
2339,3
2340,3
2341,3
2342,4
2343,3
2344,4
2345,3
2346,4
2347,4
2348,3
2349,4
2350,4
2351,4
2352,4
2353,3
2354,4
2355,4
2356,3
2357,3
2358,3
2359,3
2360,4
2361,1
2362,3
2363,3
2364,3
2365,3
2366,3
2367,3
2368,3
2369,4
2370,4
2371,4
2372,4
2373,5
2374,3
2375,5
2376,4
2377,2
2378,4
2379,4
2380,3
2381,3
2382,4
2383,4
2384,4
2385,3
2386,3
2387,3
2388,3
2389,4
2390,3
2391,3
2392,3
2393,2
2394,4
2395,2
2396,3
2397,3
2398,4
2399,4
2400,4
2401,4
2402,2
2403,3
2404,3
2405,4
2406,4
2407,3
2408,2
2409,3
2410,3
2411,4
2412,4
2413,4
2414,4
2415,3
2416,2
2417,4
2418,4
2419,4
2420,4
2421,4
2422,3
2423,4
2424,4
2425,4
2426,4
2427,5
2428,3
2429,4
2430,3
2431,5
2432,4
2433,4
2434,4
2435,3
2436,3
2437,3
2438,3
2439,3
2440,3
2441,4
2442,4
2443,4
2444,3
2445,4
2446,2
2447,3
2448,2
2449,4
2450,3
2451,4
2452,4
2453,5
2454,4
2455,4
2456,4
2457,4
2458,4
2459,4
2460,3
2461,2
2462,4
2463,5
2464,3
2465,3
2466,4
2467,4
2468,2
2469,4
2470,3
2471,3
2472,2
2473,4
2474,4
2475,1
2476,3
2477,3
2478,3
2479,4
2480,3
2481,4
2482,4
2483,4
2484,3
2485,3
2486,3
2487,4
2488,4
2489,3
2490,2
2491,3
2492,4
2493,4
2494,4
2495,3
2496,4
2497,4
2498,3
2499,3
2500,3
2501,4
2502,4
2503,4
2504,2
2505,4
2506,3
2507,3
2508,3
2509,4
2510,2
2511,3
2512,5
2513,4
2514,3
2515,2
2516,3
2517,3
2518,4
2519,2
2520,4
2521,3
2522,3
2523,3
2524,4
2525,3
2526,4
2527,5
2528,5
2529,2
2530,3
2531,4
2532,3
2533,4
2534,3
2535,3
2536,3
2537,3
2538,3
2539,2
2540,3
2541,4
2542,4
2543,3
2544,2
2545,4
2546,2
2547,4
2548,3
2549,3
2550,2
2551,4
2552,4
2553,4
2554,3
2555,4
2556,4
2557,4
2558,3
2559,3
2560,4
2561,4
2562,3
2563,3
2564,2
2565,4
2566,4
2567,2
2568,4
2569,3
2570,4
2571,3
2572,4
2573,4
2574,3
2575,4
2576,4
2577,3
2578,3
2579,3
2580,4
2581,4
2582,4
2583,3
2584,2
2585,4
2586,4
2587,3
2588,4
2589,5
2590,2
2591,4
2592,3
2593,4
2594,3
2595,3
2596,4
2597,3
2598,5
2599,3
2600,4
2601,4
2602,3
2603,4
2604,3
2605,3
2606,2
2607,4
2608,3
2609,4
2610,3
2611,3
2612,4
2613,3
2614,5
2615,3
2616,3
2617,3
2618,2
2619,3
2620,4
2621,3
2622,3
2623,4
2624,4
2625,3
2626,3
2627,3
2628,3
2629,4
2630,4
2631,4
2632,4
2633,3
2634,3
2635,4
2636,3
2637,4
2638,4
2639,3
2640,4
2641,4
2642,3
2643,3
2644,3
2645,4
2646,3
2647,3
2648,3
2649,4
2650,2
2651,4
2652,4
2653,4
2654,4
2655,3
2656,3
2657,3
2658,4
2659,3
2660,3
2661,4
2662,3
2663,3
2664,3
2665,3
2666,3
2667,5
2668,3
2669,4
2670,4
2671,4
2672,3
2673,4
2674,3
2675,3
2676,4
2677,4
2678,5
2679,3
2680,5
2681,4
2682,4
2683,3
2684,1
2685,3
2686,5
2687,3
2688,1
2689,3
2690,3
2691,3
2692,4
2693,5
2694,4
2695,3
2696,3
2697,3
2698,4
2699,3
2700,4
2701,4
2702,4
2703,3
2704,4
2705,3
2706,3
2707,4
2708,2
2709,4
2710,3
2711,4
2712,4
2713,5
2714,4
2715,3
2716,3
2717,3
2718,3
2719,3
2720,3
2721,4
2722,3
2723,4
2724,4
2725,4
2726,3
2727,3
2728,4
2729,3
2730,5
2731,3
2732,3
2733,3
2734,3
2735,3
2736,4
2737,4
2738,3
2739,4
2740,3
2741,3
2742,5
2743,3
2744,4
2745,4
2746,2
2747,3
2748,4
2749,4
2750,3
2751,4
2752,3
2753,3
2754,4
2755,3
2756,5
2757,2
2758,4
2759,4
2760,4
2761,4
2762,2
2763,3
2764,3
2765,4
2766,4
2767,4
2768,4
2769,3
2770,4
2771,3
2772,3
2773,3
2774,3
2775,4
2776,3
2777,4
2778,3
2779,2
2780,4
2781,4
2782,4
2783,4
2784,3
2785,3
2786,4
2787,4
2788,5
2789,4
2790,3
2791,3
2792,3
2793,4
2794,4
2795,4
2796,4
2797,4
2798,3
2799,4
2800,3
2801,4
2802,3
2803,4
2804,4
2805,2
2806,4
2807,3
2808,4
2809,2
2810,4
2811,3
2812,3
2813,2
2814,1
2815,4
2816,3
2817,4
2818,3
2819,4
2820,4
2821,4
2822,3
2823,4
2824,3
2825,3
2826,4
2827,4
2828,4
2829,1
2830,4
2831,5
2832,4
2833,5
2834,3
2835,3
2836,3
2837,3
2838,5
2839,3
2840,3
2841,4
2842,3
2843,4
2844,4
2845,3
2846,3
2847,3
2848,3
2849,5
2850,3
2851,4
2852,3
2853,3
2854,4
2855,2
2856,3
2857,3
2858,4
2859,3
2860,4
2861,3
2862,3
2863,4
2864,4
2865,5
2866,6
2867,4
2868,3
2869,3
2870,3
2871,3
2872,4
2873,3
2874,4
2875,4
2876,4
2877,4
2878,4
2879,4
2880,3
2881,3
2882,3
2883,4
2884,4
2885,4
2886,4
2887,4
2888,4
2889,4
2890,3
2891,3
2892,4
2893,4
2894,4
2895,3
2896,3
2897,4
2898,4
2899,4
2900,4
2901,3
2902,2
2903,3
2904,4
2905,3
2906,4
2907,4
2908,4
2909,3
2910,3
2911,3
2912,3
2913,6
2914,4
2915,3
2916,4
2917,2
2918,3
2919,4
2920,2
2921,4
2922,4
2923,3
2924,3
2925,2
2926,3
2927,3
2928,4
2929,2
2930,4
2931,4
2932,4
2933,4
2934,4
2935,4
2936,3
2937,3
2938,4
2939,4
2940,2
2941,2
2942,4
2943,4
2944,4
2945,2
2946,5
2947,4
2948,3
2949,4
2950,4
2951,3
2952,4
2953,4
2954,3
2955,3
2956,3
2957,3
2958,3
2959,4
2960,3
2961,3
2962,4
2963,4
2964,3
2965,3
2966,3
2967,5
2968,3
2969,3
2970,5
2971,3
2972,3
2973,4
2974,4
2975,3
2976,4
2977,4
2978,3
2979,4
2980,3
2981,5
2982,4
2983,4
2984,3
2985,4
2986,3
2987,4
2988,4
2989,3
2990,4
2991,3
2992,3
2993,3
2994,3
2995,4
2996,2
2997,4
2998,3
2999,4
3000,4
3001,3
3002,3
3003,4
3004,4
3005,2
3006,4
3007,5
3008,4
3009,3
3010,3
3011,3
3012,3
3013,5
3014,4
3015,2
3016,2
3017,4
3018,4
3019,4
3020,4
3021,3
3022,6
3023,4
3024,5
3025,4
3026,2
3027,4
3028,3
3029,3
3030,3
3031,4
3032,4
3033,4
3034,4
3035,4
3036,2
3037,4
3038,3
3039,3
3040,3
3041,2
3042,3
3043,3
3044,3
3045,2
3046,4
3047,3
3048,3
3049,4
3050,2
3051,4
3052,2
3053,4
3054,3
3055,5
3056,4
3057,4
3058,1
3059,4
3060,3
3061,3
3062,4
3063,2
3064,3
3065,3
3066,4
3067,4
3068,3
3069,2
3070,4
3071,3
3072,4
3073,3
3074,3
3075,3
3076,4
3077,4
3078,3
3079,3
3080,4
3081,4
3082,4
3083,4
3084,3
3085,3
3086,4
3087,3
3088,4
3089,2
3090,3
3091,3
3092,4
3093,3
3094,4
3095,4
3096,3
3097,3
3098,4
3099,4
3100,3
3101,3
3102,3
3103,4
3104,3
3105,4
3106,3
3107,3
3108,4
3109,4
3110,4
3111,3
3112,4
3113,4
3114,2
3115,2
3116,3
3117,4
3118,3
3119,3
3120,3
3121,3
3122,3
3123,4
3124,2
3125,2
3126,4
3127,3
3128,3
3129,3
3130,3
3131,4
3132,2
3133,3
3134,4
3135,3
3136,3
3137,4
3138,3
3139,3
3140,2
3141,3
3142,5
3143,3
3144,2
3145,3
3146,3
3147,4
3148,1
3149,4
3150,4
3151,3
3152,3
3153,3
3154,3
3155,4
3156,5
3157,4
3158,2
3159,3
3160,6
3161,2
3162,3
3163,4
3164,3
3165,3
3166,4
3167,2
3168,3
3169,2
3170,4
3171,4
3172,4
3173,3
3174,1
3175,4
3176,4
3177,4
3178,4
3179,1
3180,4
3181,3
3182,4
3183,3
3184,4
3185,3
3186,3
3187,2
3188,3
3189,4
3190,4
3191,3
3192,3
3193,4
3194,4
3195,4
3196,3
3197,5
3198,3
3199,4
3200,3
3201,4
3202,3
3203,4
3204,3
3205,4
3206,5
3207,3
3208,4
3209,4
3210,4
3211,4
3212,3
3213,3
3214,3
3215,4
3216,4
3217,5
3218,4
3219,4
3220,4
3221,3
3222,5
3223,3
3224,5
3225,5
3226,4
3227,4
3228,2
3229,2
3230,4
3231,3
3232,3
3233,4
3234,4
3235,4
3236,3
3237,3
3238,4
3239,3
3240,4
3241,4
3242,3
3243,3
3244,4
3245,4
3246,3
3247,4
3248,4
3249,3
3250,3
3251,3
3252,3
3253,4
3254,4
3255,3
3256,4
3257,3
3258,4
3259,1
3260,4
3261,3
3262,3
3263,4
3264,5
3265,4
3266,4
3267,4
3268,4
3269,2
3270,4
3271,2
3272,3
3273,3
3274,4
3275,3
3276,4
3277,3
3278,4
3279,4
3280,2
3281,3
3282,3
3283,4
3284,4
3285,4
3286,3
3287,3
3288,3
3289,4
3290,3
3291,4
3292,3
3293,3
3294,4
3295,3
3296,4
3297,3
3298,4
3299,4
3300,4
3301,4
3302,4
3303,4
3304,4
3305,2
3306,4
3307,3
3308,4
3309,3
3310,3
3311,3
3312,2
3313,4
3314,3
3315,4
3316,5
3317,4
3318,4
3319,4
3320,3
3321,3
3322,3
3323,3
3324,3
3325,4
3326,4
3327,3
3328,4
3329,3
3330,3
3331,3
3332,4
3333,4
3334,3
3335,3
3336,4
3337,4
3338,3
3339,4
3340,2
3341,3
3342,4
3343,4
3344,4
3345,5
3346,5
3347,4
3348,4
3349,3
3350,4
3351,5
3352,2
3353,2
3354,3
3355,3
3356,3
3357,3
3358,4
3359,4
3360,3
3361,4
3362,4
3363,4
3364,4
3365,2
3366,3
3367,5
3368,3
3369,3
3370,3
3371,3
3372,5
3373,4
3374,3
3375,2
3376,3
3377,1
3378,3
3379,4
3380,4
3381,4
3382,5
3383,4
3384,4
3385,2
3386,4
3387,3
3388,3
3389,4
3390,3
3391,4
3392,2
3393,4
3394,4
3395,2
3396,3
3397,4
3398,3
3399,3
3400,3
3401,3
3402,3
3403,4
3404,3
3405,4
3406,3
3407,4
3408,3
3409,4
3410,3
3411,3
3412,3
3413,3
3414,4
3415,2
3416,3
3417,5
3418,3
3419,3
3420,3
3421,4
3422,4
3423,3
3424,3
3425,4
3426,4
3427,2
3428,4
3429,4
3430,3
3431,4
3432,3
3433,3
3434,4
3435,3
3436,3
3437,6
3438,3
3439,4
3440,3
3441,3
3442,3
3443,2
3444,4
3445,4
3446,3
3447,3
3448,3
3449,2
3450,4
3451,2
3452,4
3453,4
3454,4
3455,3
3456,3
3457,4
3458,3
3459,3
3460,4
3461,4
3462,1
3463,3
3464,3
3465,3
3466,4
3467,3
3468,4
3469,3
3470,2
3471,3
3472,4
3473,3
3474,4
3475,3
3476,4
3477,3
3478,2
3479,4
3480,2
3481,3
3482,4
3483,3
3484,4
3485,4
3486,3
3487,3
3488,2
3489,4
3490,4
3491,4
3492,4
3493,4
3494,4
3495,3
3496,3
3497,4
3498,3
3499,4
3500,4
3501,3
3502,4
3503,5
3504,3
3505,4
3506,3
3507,3
3508,4
3509,4
3510,4
3511,3
3512,3
3513,5
3514,3
3515,3
3516,4
3517,3
3518,3
3519,3
3520,4
3521,2
3522,2
3523,4
3524,5
3525,4
3526,4
3527,2
3528,4
3529,3
3530,4
3531,4
3532,3
3533,4
3534,4
3535,3
3536,2
3537,4
3538,4
3539,3
3540,2
3541,3
3542,3
3543,3
3544,3
3545,4
3546,3
3547,4
3548,4
3549,2
3550,3
3551,4
3552,5
3553,2
3554,3
3555,2
3556,4
3557,4
3558,4
3559,5
3560,4
3561,4
3562,4
3563,4
3564,3
3565,3
3566,3
3567,4
3568,3
3569,4
3570,4
3571,5
3572,3
3573,3
3574,3
3575,5
3576,4
3577,3
3578,3
3579,3
3580,2
3581,3
3582,3
3583,1
3584,2
3585,1
3586,1
3587,2
3588,1
3589,1
3590,0
3591,2
3592,3
3593,3
3594,1
3595,3
3596,2
3597,1
3598,2
3599,2
3600,2
3601,1
3602,2
3603,2
3604,1
3605,2
3606,1
3607,2
3608,3
3609,1
3610,3
3611,2
3612,3
3613,1
3614,1
3615,1
3616,0
3617,1
3618,3
3619,2
3620,3
3621,1
3622,2
3623,1
3624,2
3625,2
3626,2
3627,2
3628,1
3629,1
3630,3
3631,3
3632,2
3633,1
3634,3
3635,3
3636,2
3637,3
3638,2
3639,1
3640,2
3641,2
3642,2
3643,1
3644,1
3645,2
3646,2
3647,1
3648,2
3649,2
3650,1
3651,1
3652,1
3653,1
3654,3
3655,1
3656,2
3657,1
3658,1
3659,2
3660,1
3661,3
3662,2
3663,1
3664,1
3665,3
3666,1
3667,2
3668,2
3669,2
3670,1
3671,1
3672,2
3673,2
3674,2
3675,2
3676,2
3677,2
3678,2
3679,3
3680,2
3681,1
3682,2
3683,3
3684,2
3685,2
3686,1
3687,1
3688,3
3689,3
3690,1
3691,2
3692,2
3693,3
3694,1
3695,3
3696,1
3697,1
3698,1
3699,3
3700,2
3701,1
3702,3
3703,1
3704,2
3705,2
3706,2
3707,2
3708,1
3709,3
3710,1
3711,2
3712,1
3713,2
3714,2
3715,2
3716,1
3717,3
3718,1
3719,2
3720,2
3721,1
3722,3
3723,1
3724,2
3725,3
3726,2
3727,3
3728,3
3729,2
3730,1
3731,3
3732,3
3733,2
3734,1
3735,1
3736,3
3737,1
3738,2
3739,2
3740,1
3741,2
3742,2
3743,2
3744,1
3745,2
3746,2
3747,3
3748,3
3749,3
3750,2
3751,2
3752,2
3753,2
3754,2
3755,2
3756,2
3757,2
3758,1
3759,1
3760,2
3761,3
3762,3
3763,2
3764,2
3765,2
3766,2
3767,1
3768,2
3769,3
3770,1
3771,3
3772,2
3773,2
3774,1
3775,3
3776,2
3777,1
3778,2
3779,1
3780,1
3781,2
3782,3
3783,2
3784,3
3785,3
3786,3
3787,3
3788,1
3789,2
3790,2
3791,1
3792,0
3793,1
3794,2
3795,2
3796,3
3797,1
3798,3
3799,3
3800,1
3801,2
3802,3
3803,2
3804,0
3805,2
3806,1
3807,3
3808,1
3809,2
3810,0
3811,0
3812,3
3813,2
3814,2
3815,1
3816,2
3817,1
3818,1
3819,1
3820,2
3821,1
3822,2
3823,2
3824,2
3825,2
3826,2
3827,3
3828,2
3829,3
3830,3
3831,1
3832,3
3833,1
3834,1
3835,2
3836,1
3837,2
3838,1
3839,1
3840,2
3841,2
3842,0
3843,2
3844,3
3845,1
3846,1
3847,2
3848,1
3849,3
3850,1
3851,3
3852,1
3853,3
3854,3
3855,1
3856,1
3857,3
3858,3
3859,1
3860,1
3861,1
3862,1
3863,3
3864,2
3865,1
3866,3
3867,3
3868,3
3869,2
3870,1
3871,3
3872,3
3873,1
3874,3
3875,2
3876,2
3877,1
3878,1
3879,1
3880,3
3881,1
3882,1
3883,2
3884,3
3885,1
3886,3
3887,1
3888,3
3889,2
3890,3
3891,3
3892,2
3893,2
3894,1
3895,2
3896,3
3897,2
3898,1
3899,2
3900,0
3901,1
3902,1
3903,2
3904,3
3905,3
3906,2
3907,1
3908,1
3909,3
3910,1
3911,2
3912,3
3913,1
3914,3
3915,2
3916,2
3917,3
3918,1
3919,2
3920,1
3921,2
3922,1
3923,1
3924,1
3925,1
3926,2
3927,1
3928,1
3929,2
3930,1
3931,2
3932,2
3933,2
3934,3
3935,3
3936,3
3937,3
3938,2
3939,3
3940,3
3941,2
3942,2
3943,2
3944,3
3945,2
3946,1
3947,1
3948,2
3949,2
3950,2
3951,3
3952,1
3953,3
3954,2
3955,3
3956,2
3957,3
3958,1
3959,2
3960,1
3961,2
3962,2
3963,1
3964,2
3965,2
3966,1
3967,3
3968,3
3969,2
3970,3
3971,2
3972,1
3973,1
3974,0
3975,3
3976,2
3977,2
3978,2
3979,1
3980,2
3981,3
3982,3
3983,3
3984,1
3985,3
3986,1
3987,2
3988,3
3989,2
3990,2
3991,3
3992,3
3993,2
3994,2
3995,1
3996,3
3997,1
3998,1
3999,2
4000,3
4001,2
4002,2
4003,2
4004,2
4005,2
4006,2
4007,0
4008,1
4009,3
4010,2
4011,2
4012,3
4013,2
4014,3
4015,1
4016,1
4017,2
4018,1
4019,2
4020,1
4021,3
4022,2
4023,3
4024,1
4025,1
4026,1
4027,3
4028,2
4029,2
4030,2
4031,1
4032,2
4033,1
4034,1
4035,1
4036,3
4037,2
4038,2
4039,1
4040,2
4041,2
4042,1
4043,1
4044,1
4045,3
4046,1
4047,2
4048,3
4049,3
4050,3
4051,2
4052,2
4053,0
4054,2
4055,1
4056,1
4057,1
4058,2
4059,3
4060,1
4061,2
4062,1
4063,2
4064,2
4065,2
4066,3
4067,3
4068,1
4069,2
4070,2
4071,1
4072,2
4073,1
4074,2
4075,1
4076,3
4077,2
4078,2
4079,1
4080,3
4081,2
4082,3
4083,0
4084,2
4085,1
4086,1
4087,3
4088,3
4089,3
4090,2
4091,3
4092,1
4093,2
4094,1
4095,3
4096,2
4097,2
4098,3
4099,2
4100,1
4101,2
4102,2
4103,1
4104,2
4105,1
4106,2
4107,2
4108,1
4109,3
4110,1
4111,3
4112,2
4113,1
4114,2
4115,2
4116,3
4117,2
4118,1
4119,1
4120,3
4121,1
4122,1
4123,2
4124,2
4125,2
4126,2
4127,2
4128,2
4129,2
4130,1
4131,2
4132,2
4133,2
4134,3
4135,1
4136,3
4137,2
4138,1
4139,2
4140,2
4141,1
4142,0
4143,1
4144,2
4145,2
4146,2
4147,3
4148,2
4149,1
4150,1
4151,2
4152,1
4153,1
4154,1
4155,2
4156,1
4157,2
4158,3
4159,1
4160,1
4161,1
4162,1
4163,2
4164,1
4165,2
4166,1
4167,3
4168,3
4169,1
4170,3
4171,1
4172,1
4173,1
4174,2
4175,2
4176,3
4177,1
4178,3
4179,2
4180,1
4181,3
4182,2
4183,2
4184,1
4185,2
4186,2
4187,3
4188,0
4189,2
4190,1
4191,0
4192,1
4193,2
4194,1
4195,3
4196,2
4197,1
4198,1
4199,2
4200,3
4201,1
4202,3
4203,3
4204,2
4205,1
4206,1
4207,2
4208,1
4209,2
4210,2
4211,2
4212,2
4213,1
4214,1
4215,1
4216,1
4217,1
4218,3
4219,0
4220,2
4221,2
4222,3
4223,1
4224,1
4225,1
4226,2
4227,1
4228,2
4229,2
4230,2
4231,1
4232,1
4233,1
4234,2
4235,2
4236,3
4237,1
4238,2
4239,3
4240,3
4241,2
4242,2
4243,1
4244,1
4245,1
4246,2
4247,1
4248,3
4249,3
4250,1
4251,2
4252,1
4253,1
4254,3
4255,1
4256,1
4257,1
4258,3
4259,0
4260,3
4261,2
4262,2
4263,1
4264,3
4265,2
4266,2
4267,2
4268,2
4269,2
4270,1
4271,1
4272,3
4273,1
4274,1
4275,3
4276,0
4277,0
4278,2
4279,2
4280,3
4281,2
4282,2
4283,3
4284,2
4285,3
4286,1
4287,1
4288,2
4289,3
4290,2
4291,1
4292,1
4293,3
4294,1
4295,2
4296,2
4297,3
4298,1
4299,3
4300,2
4301,2
4302,3
4303,2
4304,3
4305,1
4306,1
4307,2
4308,3
4309,2
4310,3
4311,1
4312,2
4313,2
4314,2
4315,3
4316,2
4317,2
4318,2
4319,3
4320,2
4321,1
4322,1
4323,1
4324,2
4325,1
4326,1
4327,1
4328,1
4329,3
4330,3
4331,2
4332,1
4333,2
4334,1
4335,2
4336,3
4337,0
4338,3
4339,2
4340,1
4341,1
4342,1
4343,3
4344,3
4345,2
4346,1
4347,2
4348,2
4349,1
4350,2
4351,3
4352,2
4353,1
4354,3
4355,2
4356,1
4357,1
4358,3
4359,1
4360,2
4361,3
4362,1
4363,3
4364,1
4365,3
4366,2
4367,3
4368,3
4369,1
4370,2
4371,1
4372,1
4373,2
4374,2
4375,1
4376,1
4377,1
4378,2
4379,1
4380,1
4381,1
4382,3
4383,3
4384,2
4385,0
4386,2
4387,1
4388,1
4389,1
4390,2
4391,1
4392,3
4393,2
4394,2
4395,2
4396,1
4397,3
4398,1
4399,1
4400,2
4401,3
4402,3
4403,3
4404,1
4405,2
4406,2
4407,3
4408,3
4409,2
4410,1
4411,1
4412,3
4413,3
4414,3
4415,1
4416,1
4417,2
4418,2
4419,3
4420,1
4421,3
4422,1
4423,1
4424,1
4425,3
4426,1
4427,1
4428,3
4429,2
4430,2
4431,1
4432,1
4433,2
4434,3
4435,2
4436,1
4437,1
4438,1
4439,2
4440,1
4441,2
4442,1
4443,2
4444,1
4445,1
4446,1
4447,1
4448,3
4449,1
4450,1
4451,2
4452,3
4453,2
4454,2
4455,3
4456,3
4457,2
4458,2
4459,1
4460,2
4461,3
4462,2
4463,2
4464,1
4465,2
4466,3
4467,0
4468,2
4469,2
4470,2
4471,2
4472,1
4473,2
4474,2
4475,3
4476,2
4477,2
4478,1
4479,2
4480,2
4481,2
4482,3
4483,2
4484,2
4485,2
4486,1
4487,2
4488,1
4489,2
4490,1
4491,2
4492,2
4493,2
4494,1
4495,1
4496,2
4497,2
4498,2
4499,3
4500,2
4501,3
4502,3
4503,2
4504,2
4505,1
4506,2
4507,3
4508,1
4509,1
4510,2
4511,1
4512,2
4513,1
4514,2
4515,2
4516,1
4517,3
4518,1
4519,3
4520,1
4521,3
4522,2
4523,3
4524,1
4525,3
4526,2
4527,1
4528,3
4529,1
4530,0
4531,2
4532,2
4533,3
4534,2
4535,3
4536,1
4537,2
4538,2
4539,2
4540,2
4541,2
4542,3
4543,2
4544,2
4545,1
4546,3
4547,2
4548,3
4549,1
4550,1
4551,3
4552,1
4553,0
4554,1
4555,1
4556,1
4557,2
4558,2
4559,3
4560,3
4561,2
4562,2
4563,3
4564,1
4565,2
4566,2
4567,3
4568,1
4569,3
4570,3
4571,2
4572,2
4573,2
4574,2
4575,1
4576,1
4577,2
4578,1
4579,1
4580,1
4581,3
4582,1
4583,2
4584,3
4585,1
4586,1
4587,1
4588,3
4589,1
4590,2
4591,3
4592,1
4593,1
4594,2
4595,1
4596,1
4597,1
4598,2
4599,2
4600,1
4601,1
4602,2
4603,2
4604,2
4605,3
4606,2
4607,1
4608,1
4609,2
4610,1
4611,1
4612,1
4613,1
4614,1
4615,1
4616,1
4617,2
4618,1
4619,2
4620,2
4621,2
4622,3
4623,3
4624,2
4625,1
4626,0
4627,2
4628,3
4629,3
4630,3
4631,2
4632,1
4633,1
4634,2
4635,3
4636,3
4637,2
4638,3
4639,1
4640,2
4641,1
4642,3
4643,2
4644,2
4645,2
4646,1
4647,1
4648,1
4649,2
4650,1
4651,2
4652,3
4653,1
4654,1
4655,3
4656,3
4657,1
4658,3
4659,2
4660,1
4661,3
4662,1
4663,2
4664,1
4665,2
4666,1
4667,3
4668,2
4669,1
4670,2
4671,2
4672,1
4673,1
4674,2
4675,2
4676,1
4677,3
4678,2
4679,2
4680,1
4681,3
4682,2
4683,2
4684,3
4685,1
4686,1
4687,3
4688,1
4689,3
4690,2
4691,1
4692,1
4693,1
4694,1
4695,1
4696,1
4697,2
4698,2
4699,2
4700,2
4701,2
4702,1
4703,1
4704,1
4705,2
4706,1
4707,1
4708,2
4709,3
4710,1
4711,1
4712,2
4713,3
4714,1
4715,2
4716,1
4717,3
4718,3
4719,1
4720,1
4721,1
4722,3
4723,2
4724,2
4725,1
4726,3
4727,3
4728,3
4729,2
4730,2
4731,3
4732,3
4733,3
4734,1
4735,2
4736,1
4737,1
4738,2
4739,0
4740,1
4741,3
4742,2
4743,1
4744,2
4745,2
4746,3
4747,1
4748,2
4749,3
4750,1
4751,3
4752,1
4753,3
4754,1
4755,3
4756,3
4757,3
4758,1
4759,2
4760,2
4761,3
4762,1
4763,3
4764,2
4765,2
4766,2
4767,3
4768,2
4769,3
4770,1
4771,2
4772,1
4773,2
4774,2
4775,3
4776,3
4777,2
4778,1
4779,2
4780,1
4781,1
4782,1
4783,3
4784,1
4785,3
4786,2
4787,3
4788,2
4789,3
4790,3
4791,1
4792,1
4793,1
4794,0
4795,1
4796,1
4797,1
4798,2
4799,3
4800,2
4801,1
4802,2
4803,1
4804,2
4805,1
4806,3
4807,1
4808,1
4809,1
4810,1
4811,3
4812,2
4813,3
4814,3
4815,1
4816,2
4817,2
4818,2
4819,3
4820,3
4821,2
4822,1
4823,1
4824,3
4825,1
4826,3
4827,1
4828,2
4829,1
4830,2
4831,3
4832,1
4833,3
4834,1
4835,1
4836,1
4837,2
4838,1
4839,1
4840,1
4841,2
4842,1
4843,2
4844,2
4845,2
4846,3
4847,2
4848,3
4849,1
4850,3
4851,2
4852,2
4853,1
4854,1
4855,1
4856,2
4857,3
4858,1
4859,1
4860,1
4861,2
4862,2
4863,1
4864,2
4865,1
4866,3
4867,2
4868,2
4869,1
4870,2
4871,1
4872,3
4873,3
4874,2
4875,0
4876,3
4877,2
4878,2
4879,2
4880,1
4881,3
4882,2
4883,1
4884,1
4885,3
4886,3
4887,1
4888,2
4889,1
4890,2
4891,1
4892,2
4893,2
4894,2
4895,2
4896,3
4897,2
4898,1
4899,2
4900,1
4901,2
4902,3
4903,3
4904,2
4905,0
4906,0
4907,1
4908,3
4909,2
4910,3
4911,2
4912,1
4913,2
4914,2
4915,2
4916,3
4917,1
4918,2
4919,1
4920,3
4921,2
4922,2
4923,1
4924,1
4925,1
4926,1
4927,2
4928,2
4929,1
4930,1
4931,2
4932,0
4933,3
4934,2
4935,1
4936,3
4937,3
4938,2
4939,1
4940,2
4941,2
4942,1
4943,1
4944,1
4945,3
4946,1
4947,1
4948,1
4949,0
4950,1
4951,1
4952,1
4953,2
4954,2
4955,3
4956,3
4957,2
4958,1
4959,1
4960,0
4961,2
4962,3
4963,2
4964,1
4965,3
4966,2
4967,3
4968,1
4969,1
4970,1
4971,2
4972,3
4973,3
4974,3
4975,1
4976,2
4977,2
4978,2
4979,2
4980,2
4981,2
4982,3
4983,2
4984,1
4985,1
4986,1
4987,1
4988,3
4989,2
4990,3
4991,1
4992,3
4993,3
4994,2
4995,1
4996,1
4997,3
4998,2
4999,1
5000,1
5001,1
5002,3
5003,2
5004,2
5005,2
5006,3
5007,1
5008,3
5009,1
5010,2
5011,3
5012,1
5013,2
5014,3
5015,1
5016,3
5017,2
5018,3
5019,2
5020,3
5021,3
5022,1
5023,0
5024,2
5025,3
5026,1
5027,1
5028,2
5029,3
5030,3
5031,1
5032,2
5033,1
5034,2
5035,1
5036,3
5037,2
5038,2
5039,1
5040,2
5041,2
5042,1
5043,1
5044,3
5045,3
5046,1
5047,1
5048,2
5049,3
5050,2
5051,1
5052,2
5053,3
5054,1
5055,3
5056,3
5057,0
5058,2
5059,1
5060,1
5061,2
5062,2
5063,2
5064,2
5065,2
5066,1
5067,3
5068,1
5069,2
5070,2
5071,1
5072,2
5073,3
5074,2
5075,2
5076,2
5077,1
5078,3
5079,1
5080,3
5081,1
5082,2
5083,2
5084,1
5085,1
5086,1
5087,3
5088,1
5089,1
5090,2
5091,3
5092,2
5093,3
5094,2
5095,2
5096,1
5097,1
5098,2
5099,1
5100,1
5101,2
5102,3
5103,3
5104,3
5105,3
5106,1
5107,1
5108,1
5109,1
5110,2
5111,1
5112,2
5113,3
5114,3
5115,2
5116,3
5117,1
5118,1
5119,2
5120,1
5121,3
5122,2
5123,2
5124,2
5125,2
5126,3
5127,2
5128,3
5129,1
5130,2
5131,1
5132,1
5133,2
5134,3
5135,1
5136,1
5137,1
5138,2
5139,3
5140,2
5141,2
5142,3
5143,3
5144,1
5145,3
5146,3
5147,3
5148,3
5149,1
5150,1
5151,2
5152,1
5153,2
5154,3
5155,1
5156,2
5157,1
5158,2
5159,1
5160,2
5161,3
5162,2
5163,3
5164,2
5165,1
5166,1
5167,2
5168,2
5169,2
5170,2
5171,3
5172,2
5173,1
5174,3
5175,3
5176,2
5177,3
5178,3
5179,2
5180,2
5181,1
5182,2
5183,3
5184,2
5185,1
5186,2
5187,1
5188,2
5189,1
5190,3
5191,3
5192,1
5193,1
5194,1
5195,2
5196,2
5197,1
5198,2
5199,3
5200,2
5201,2
5202,2
5203,1
5204,2
5205,3
5206,3
5207,2
5208,1
5209,2
5210,2
5211,1
5212,1
5213,3
5214,2
5215,1
5216,3
5217,1
5218,1
5219,1
5220,3
5221,1
5222,2
5223,3
5224,3
5225,3
5226,2
5227,1
5228,2
5229,1
5230,2
5231,1
5232,2
5233,3
5234,1
5235,3
5236,1
5237,2
5238,2
5239,2
5240,2
5241,3
5242,2
5243,2
5244,1
5245,2
5246,1
5247,2
5248,0
5249,2
5250,1
5251,1
5252,2
5253,2
5254,1
5255,1
5256,1
5257,3
5258,2
5259,2
5260,2
5261,2
5262,2
5263,3
5264,2
5265,2
5266,2
5267,2
5268,1
5269,3
5270,0
5271,0
5272,3
5273,3
5274,2
5275,2
5276,2
5277,3
5278,1
5279,1
5280,3
5281,3
5282,1
5283,2
5284,3
5285,3
5286,1
5287,3
5288,3
5289,3
5290,2
5291,2
5292,2
5293,3
5294,3
5295,1
5296,2
5297,2
5298,2
5299,1
5300,3
5301,0
5302,3
5303,2
5304,2
5305,1
5306,2
5307,2
5308,3
5309,0
5310,0
5311,3
5312,2
5313,2
5314,1
5315,0
5316,2
5317,1
5318,2
5319,2
5320,0
5321,1
5322,2
5323,0
5324,1
5325,2
5326,1
5327,3
5328,1
5329,1
5330,1
5331,3
5332,1
5333,2
5334,2
5335,1
5336,2
5337,3
5338,1
5339,2
5340,1
5341,3
5342,2
5343,1
5344,2
5345,0
5346,2
5347,0
5348,3
5349,3
5350,2
5351,2
5352,2
5353,0
5354,1
5355,2
5356,1
5357,3
5358,1
5359,1
5360,2
5361,2
5362,0
5363,0
5364,1
5365,3
5366,0
5367,2
5368,2
5369,3
5370,2
5371,1
5372,1
5373,0
5374,1
5375,1
5376,0
5377,3
5378,1
5379,2
5380,1
5381,2
5382,1
5383,1
5384,1
5385,3
5386,2
5387,3
5388,1
5389,1
5390,1
5391,2
5392,3
5393,0
5394,3
5395,0
5396,1
5397,2
5398,1
5399,1
5400,3
5401,3
5402,1
5403,2
5404,0
5405,3
5406,1
5407,1
5408,2
5409,1
5410,0
5411,2
5412,1
5413,2
5414,2
5415,2
5416,1
5417,1
5418,2
5419,3
5420,3
5421,0
5422,0
5423,2
5424,0
5425,3
5426,1
5427,3
5428,1
5429,2
5430,1
5431,1
5432,2
5433,2
5434,2
5435,1
5436,3
5437,0
5438,0
5439,0
5440,0
5441,2
5442,2
5443,1
5444,3
5445,1
5446,1
5447,2
5448,2
5449,2
5450,3
5451,3
5452,3
5453,2
5454,2
5455,2
5456,1
5457,2
5458,1
5459,1
5460,2
5461,1
5462,3
5463,2
5464,2
5465,3
5466,0
5467,2
5468,2
5469,1
5470,1
5471,1
5472,2
5473,3
5474,1
5475,2
5476,0
5477,1
5478,1
5479,1
5480,2
5481,3
5482,0
5483,3
5484,1
5485,2
5486,3
5487,0
5488,2
5489,2
5490,1
5491,0
5492,1
5493,1
5494,0
5495,2
5496,1
5497,2
5498,3
5499,2
5500,1
5501,1
5502,0
5503,2
5504,3
5505,0
5506,3
5507,3
5508,0
5509,1
5510,1
5511,1
5512,1
5513,1
5514,1
5515,3
5516,1
5517,2
5518,0
5519,1
5520,3
5521,3
5522,0
5523,1
5524,1
5525,2
5526,1
5527,2
5528,2
5529,2
5530,2
5531,2
5532,1
5533,1
5534,2
5535,2
5536,1
5537,2
5538,0
5539,1
5540,1
5541,2
5542,2
5543,1
5544,3
5545,1
5546,1
5547,1
5548,1
5549,2
5550,2
5551,1
5552,3
5553,1
5554,0
5555,0
5556,2
5557,2
5558,2
5559,1
5560,3
5561,2
5562,2
5563,2
5564,2
5565,1
5566,2
5567,2
5568,1
5569,0
5570,0
5571,1
5572,2
5573,1
5574,1
5575,0
5576,1
5577,3
5578,2
5579,3
5580,2
5581,1
5582,0
5583,3
5584,1
5585,0
5586,1
5587,1
5588,1
5589,1
5590,2
5591,1
5592,2
5593,1
5594,2
5595,1
5596,1
5597,2
5598,2
5599,1
5600,0
5601,2
5602,1
5603,3
5604,0
5605,0
5606,3
5607,1
5608,2
5609,3
5610,2
5611,2
5612,3
5613,2
5614,0
5615,3
5616,2
5617,1
5618,0
5619,1
5620,3
5621,1
5622,1
5623,2
5624,0
5625,1
5626,0
5627,2
5628,1
5629,1
5630,1
5631,1
5632,2
5633,3
5634,1
5635,3
5636,1
5637,1
5638,2
5639,1
5640,1
5641,1
5642,1
5643,2
5644,3
5645,1
5646,1
5647,0
5648,0
5649,2
5650,1
5651,1
5652,0
5653,2
5654,1
5655,1
5656,2
5657,2
5658,1
5659,1
5660,2
5661,1
5662,3
5663,1
5664,2
5665,3
5666,1
5667,2
5668,2
5669,2
5670,1
5671,0
5672,2
5673,2
5674,2
5675,2
5676,1
5677,1
5678,1
5679,0
5680,1
5681,2
5682,2
5683,2
5684,2
5685,1
5686,1
5687,1
5688,2
5689,1
5690,1
5691,0
5692,3
5693,2
5694,2
5695,1
5696,2
5697,1
5698,1
5699,3
5700,3
5701,2
5702,3
5703,3
5704,2
5705,3
5706,1
5707,0
5708,3
5709,3
5710,1
5711,1
5712,1
5713,0
5714,2
5715,1
5716,1
5717,0
5718,0
5719,2
5720,1
5721,1
5722,2
5723,2
5724,1
5725,1
5726,2
5727,2
5728,1
5729,1
5730,2
5731,0
5732,2
5733,3
5734,0
5735,2
5736,2
5737,3
5738,0
5739,1
5740,2
5741,1
5742,1
5743,2
5744,1
5745,1
5746,3
5747,1
5748,1
5749,3
5750,0
5751,2
5752,2
5753,0
5754,2
5755,1
5756,0
5757,2
5758,0
5759,0
5760,2
5761,3
5762,2
5763,0
5764,3
5765,1
5766,1
5767,0
5768,1
5769,0
5770,3
5771,1
5772,3
5773,0
5774,3
5775,2
5776,2
5777,2
5778,0
5779,1
5780,1
5781,2
5782,1
5783,1
5784,1
5785,2
5786,3
5787,2
5788,1
5789,0
5790,0
5791,3
5792,2
5793,1
5794,0
5795,1
5796,0
5797,2
5798,2
5799,2
5800,1
5801,1
5802,2
5803,0
5804,0
5805,1
5806,2
5807,3
5808,2
5809,2
5810,3
5811,2
5812,3
5813,1
5814,1
5815,0
5816,2
5817,1
5818,1
5819,1
5820,2
5821,2
5822,1
5823,1
5824,2
5825,2
5826,0
5827,2
5828,1
5829,1
5830,1
5831,2
5832,2
5833,1
5834,3
5835,1
5836,2
5837,2
5838,0
5839,1
5840,1
5841,0
5842,2
5843,1
5844,2
5845,1
5846,3
5847,3
5848,2
5849,0
5850,2
5851,0
5852,2
5853,0
5854,1
5855,1
5856,0
5857,1
5858,0
5859,0
5860,0
5861,3
5862,1
5863,1
5864,2
5865,3
5866,1
5867,3
5868,3
5869,0
5870,2
5871,2
5872,1
5873,2
5874,2
5875,3
5876,1
5877,2
5878,0
5879,1
5880,2
5881,1
5882,3
5883,2
5884,1
5885,3
5886,3
5887,1
5888,2
5889,1
5890,1
5891,0
5892,2
5893,2
5894,1
5895,1
5896,2
5897,2
5898,0
5899,0
5900,0
5901,3
5902,2
5903,2
5904,2
5905,1
5906,3
5907,1
5908,0
5909,1
5910,1
5911,2
5912,1
5913,1
5914,2
5915,0
5916,1
5917,3
5918,1
5919,0
5920,2
5921,1
5922,2
5923,1
5924,1
5925,1
5926,2
5927,2
5928,2
5929,3
5930,0
5931,2
5932,0
5933,2
5934,0
5935,1
5936,0
5937,2
5938,2
5939,1
5940,0
5941,2
5942,0
5943,0
5944,2
5945,2
5946,1
5947,2
5948,2
5949,2
5950,2
5951,2
5952,2
5953,0
5954,1
5955,1
5956,0
5957,3
5958,1
5959,3
5960,1
5961,1
5962,0
5963,1
5964,1
5965,2
5966,2
5967,3
5968,1
5969,3
5970,2
5971,2
5972,0
5973,1
5974,2
5975,1
5976,1
5977,1
5978,3
5979,1
5980,0
5981,0
5982,2
5983,2
5984,0
5985,3
5986,1
5987,1
5988,0
5989,0
5990,1
5991,2
5992,1
5993,1
5994,3
5995,3
5996,2
5997,2
5998,1
5999,2
6000,2
6001,1
6002,3
6003,2
6004,1
6005,2
6006,3
6007,1
6008,0
6009,0
6010,1
6011,3
6012,0
6013,3
6014,2
6015,3
6016,1
6017,2
6018,2
6019,1
6020,2
6021,0
6022,2
6023,0
6024,1
6025,0
6026,0
6027,0
6028,2
6029,1
6030,1
6031,2
6032,2
6033,2
6034,2
6035,0
6036,0
6037,1
6038,3
6039,2
6040,1
6041,2
6042,2
6043,1
6044,2
6045,0
6046,1
6047,2
6048,1
6049,1
6050,2
6051,3
6052,3
6053,0
6054,2
6055,1
6056,0
6057,2
6058,1
6059,2
6060,1
6061,2
6062,3
6063,2
6064,1
6065,0
6066,2
6067,1
6068,3
6069,3
6070,0
6071,2
6072,2
6073,0
6074,2
6075,2
6076,0
6077,1
6078,1
6079,1
6080,2
6081,0
6082,2
6083,1
6084,2
6085,2
6086,2
6087,2
6088,0
6089,2
6090,0
6091,1
6092,3
6093,1
6094,2
6095,1
6096,0
6097,0
6098,1
6099,0
6100,1
6101,1
6102,2
6103,3
6104,2
6105,1
6106,1
6107,2
6108,0
6109,1
6110,1
6111,2
6112,1
6113,3
6114,3
6115,2
6116,1
6117,3
6118,1
6119,1
6120,1
6121,0
6122,0
6123,1
6124,1
6125,2
6126,2
6127,1
6128,1
6129,1
6130,1
6131,1
6132,2
6133,0
6134,0
6135,1
6136,1
6137,1
6138,0
6139,0
6140,1
6141,2
6142,2
6143,2
6144,1
6145,2
6146,0
6147,1
6148,2
6149,0
6150,2
6151,2
6152,3
6153,2
6154,2
6155,1
6156,1
6157,2
6158,3
6159,0
6160,2
6161,1
6162,1
6163,1
6164,1
6165,2
6166,3
6167,3
6168,1
6169,2
6170,3
6171,0
6172,1
6173,2
6174,2
6175,1
6176,2
6177,2
6178,1
6179,0
6180,1
6181,2
6182,2
6183,2
6184,3
6185,1
6186,3
6187,3
6188,1
6189,1
6190,0
6191,2
6192,1
6193,3
6194,1
6195,1
6196,2
6197,2
6198,1
6199,1
6200,1
6201,1
6202,2
6203,2
6204,2
6205,2
6206,0
6207,2
6208,1
6209,2
6210,2
6211,1
6212,0
6213,1
6214,2
6215,1
6216,1
6217,0
6218,1
6219,1
6220,2
6221,1
6222,1
6223,2
6224,2
6225,1
6226,3
6227,2
6228,1
6229,1
6230,2
6231,2
6232,2
6233,1
6234,3
6235,2
6236,1
6237,2
6238,2
6239,2
6240,1
6241,2
6242,2
6243,0
6244,2
6245,1
6246,1
6247,1
6248,2
6249,1
6250,0
6251,1
6252,1
6253,1
6254,3
6255,2
6256,2
6257,1
6258,1
6259,2
6260,1
6261,2
6262,2
6263,3
6264,3
6265,3
6266,1
6267,2
6268,0
6269,1
6270,1
6271,2
6272,3
6273,3
6274,2
6275,2
6276,3
6277,0
6278,1
6279,2
6280,0
6281,2
6282,1
6283,0
6284,3
6285,1
6286,2
6287,2
6288,1
6289,2
6290,3
6291,1
6292,1
6293,1
6294,1
6295,2
6296,1
6297,1
6298,2
6299,3
6300,0
6301,1
6302,2
6303,2
6304,3
6305,0
6306,1
6307,1
6308,2
6309,1
6310,0
6311,2
6312,1
6313,3
6314,0
6315,2
6316,3
6317,2
6318,2
6319,1
6320,1
6321,2
6322,1
6323,2
6324,1
6325,1
6326,1
6327,2
6328,0
6329,1
6330,0
6331,1
6332,1
6333,1
6334,1
6335,1
6336,2
6337,2
6338,1
6339,1
6340,1
6341,2
6342,2
6343,1
6344,2
6345,1
6346,2
6347,2
6348,1
6349,2
6350,2
6351,1
6352,2
6353,1
6354,3
6355,2
6356,0
6357,3
6358,0
6359,0
6360,3
6361,1
6362,3
6363,2
6364,1
6365,0
6366,1
6367,1
6368,2
6369,1
6370,3
6371,3
6372,1
6373,1
6374,1
6375,2
6376,1
6377,2
6378,2
6379,0
6380,3
6381,2
6382,2
6383,2
6384,1
6385,3
6386,0
6387,0
6388,1
6389,1
6390,1
6391,1
6392,2
6393,1
6394,1
6395,2
6396,2
6397,2
6398,0
6399,1
6400,2
6401,3
6402,1
6403,1
6404,2
6405,2
6406,2
6407,3
6408,1
6409,0
6410,3
6411,2
6412,2
6413,0
6414,1
6415,1
6416,0
6417,0
6418,2
6419,3
6420,0
6421,0
6422,2
6423,1
6424,3
6425,2
6426,2
6427,1
6428,0
6429,3
6430,1
6431,2
6432,1
6433,1
6434,3
6435,0
6436,1
6437,1
6438,2
6439,0
6440,1
6441,0
6442,3
6443,0
6444,1
6445,2
6446,2
6447,3
6448,1
6449,2
6450,1
6451,1
6452,1
6453,1
6454,1
6455,2
6456,2
6457,0
6458,2
6459,2
6460,0
6461,0
6462,1
6463,2
6464,1
6465,1
6466,1
6467,1
6468,3
6469,2
6470,2
6471,1
6472,1
6473,0
6474,2
6475,3
6476,1
6477,2
6478,0
6479,1
6480,2
6481,1
6482,2
6483,3
6484,0
6485,0
6486,3
6487,1
6488,0
6489,1
6490,2
6491,2
6492,0
6493,2
6494,1
6495,1
6496,1
6497,3
6498,1
6499,1
6500,3
6501,1
6502,1
6503,2
6504,0
6505,0
6506,2
6507,1
6508,2
6509,3
6510,2
6511,3
6512,1
6513,1
6514,0
6515,2
6516,1
6517,1
6518,2
6519,1
6520,0
6521,2
6522,1
6523,1
6524,0
6525,2
6526,0
6527,3
6528,1
6529,1
6530,1
6531,2
6532,0
6533,3
6534,3
6535,3
6536,2
6537,0
6538,2
6539,1
6540,2
6541,2
6542,2
6543,1
6544,3
6545,1
6546,1
6547,1
6548,2
6549,0
6550,1
6551,3
6552,0
6553,1
6554,0
6555,1
6556,1
6557,1
6558,1
6559,0
6560,1
6561,2
6562,0
6563,2
6564,3
6565,2
6566,0
6567,1
6568,0
6569,0
6570,3
6571,1
6572,1
6573,1
6574,0
6575,3
6576,1
6577,3
6578,2
6579,3
6580,0
6581,0
6582,3
6583,1
6584,2
6585,3
6586,1
6587,2
6588,1
6589,1
6590,2
6591,1
6592,2
6593,2
6594,2
6595,2
6596,2
6597,1
6598,3
6599,3
6600,2
6601,3
6602,1
6603,2
6604,2
6605,0
6606,1
6607,2
6608,1
6609,0
6610,2
6611,2
6612,1
6613,2
6614,2
6615,1
6616,0
6617,1
6618,0
6619,2
6620,1
6621,0
6622,2
6623,0
6624,1
6625,3
6626,2
6627,0
6628,2
6629,2
6630,3
6631,1
6632,2
6633,1
6634,0
6635,1
6636,0
6637,1
6638,2
6639,2
6640,0
6641,3
6642,2
6643,0
6644,3
6645,2
6646,3
6647,0
6648,2
6649,3
6650,1
6651,0
6652,3
6653,1
6654,1
6655,2
6656,2
6657,0
6658,1
6659,1
6660,2
6661,1
6662,2
6663,0
6664,2
6665,2
6666,1
6667,1
6668,2
6669,3
6670,2
6671,1
6672,1
6673,0
6674,1
6675,1
6676,1
6677,3
6678,2
6679,0
6680,2
6681,1
6682,0
6683,1
6684,3
6685,1
6686,1
6687,1
6688,1
6689,0
6690,2
6691,2
6692,2
6693,0
6694,1
6695,0
6696,0
6697,0
6698,2
6699,3
6700,1
6701,1
6702,1
6703,0
6704,1
6705,3
6706,3
6707,2
6708,2
6709,0
6710,0
6711,3
6712,2
6713,1
6714,2
6715,1
6716,2
6717,2
6718,2
6719,2
6720,2
6721,2
6722,3
6723,0
6724,2
6725,3
6726,0
6727,2
6728,1
6729,0
6730,0
6731,2
6732,2
6733,1
6734,3
6735,1
6736,1
6737,1
6738,0
6739,3
6740,1
6741,1
6742,0
6743,2
6744,2
6745,1
6746,3
6747,1
6748,2
6749,3
6750,1
6751,1
6752,0
6753,0
6754,0
6755,1
6756,1
6757,1
6758,1
6759,2
6760,2
6761,3
6762,3
6763,0
6764,3
6765,2
6766,2
6767,1
6768,3
6769,0
6770,0
6771,1
6772,0
6773,2
6774,1
6775,1
6776,2
6777,2
6778,1
6779,3
6780,1
6781,1
6782,1
6783,1
6784,1
6785,2
6786,1
6787,1
6788,0
6789,0
6790,1
6791,3
6792,2
6793,1
6794,0
6795,2
6796,0
6797,2
6798,0
6799,1
6800,0
6801,0
6802,3
6803,1
6804,1
6805,1
6806,0
6807,2
6808,2
6809,3
6810,0
6811,1
6812,1
6813,3
6814,1
6815,0
6816,2
6817,0
6818,2
6819,1
6820,3
6821,0
6822,2
6823,2
6824,1
6825,0
6826,0
6827,3
6828,2
6829,1
6830,2
6831,1
6832,1
6833,3
6834,1
6835,0
6836,3
6837,2
6838,3
6839,0
6840,2
6841,0
6842,1
6843,1
6844,1
6845,2
6846,0
6847,1
6848,3
6849,1
6850,3
6851,2
6852,3
6853,2
6854,0
6855,1
6856,0
6857,2
6858,2
6859,2
6860,2
6861,1
6862,3
6863,1
6864,2
6865,2
6866,1
6867,2
6868,2
6869,3
6870,2
6871,1
6872,1
6873,0
6874,2
6875,1
6876,3
6877,0
6878,0
6879,1
6880,1
6881,2
6882,1
6883,1
6884,2
6885,0
6886,2
6887,2
6888,1
6889,1
6890,3
6891,2
6892,2
6893,2
6894,0
6895,2
6896,0
6897,1
6898,1
6899,0
6900,0
6901,2
6902,1
6903,1
6904,1
6905,2
6906,2
6907,3
6908,1
6909,1
6910,1
6911,1
6912,0
6913,3
6914,3
6915,3
6916,1
6917,3
6918,0
6919,3
6920,0
6921,1
6922,0
6923,2
6924,2
6925,2
6926,0
6927,3
6928,1
6929,0
6930,0
6931,2
6932,1
6933,2
6934,2
6935,1
6936,1
6937,3
6938,2
6939,1
6940,0
6941,1
6942,1
6943,2
6944,3
6945,2
6946,0
6947,2
6948,3
6949,1
6950,2
6951,1
6952,1
6953,1
6954,0
6955,2
6956,2
6957,3
6958,3
6959,2
6960,2
6961,3
6962,2
6963,2
6964,2
6965,2
6966,0
6967,2
6968,2
6969,2
6970,0
6971,2
6972,0
6973,
6974,0
6975,3
6976,1
6977,0
6978,3
6979,2
6980,1
6981,2
6982,1
6983,0
6984,3
6985,1
6986,3
6987,2
6988,1
6989,1
6990,2
6991,1
6992,2
6993,2
6994,2
6995,1
6996,2
6997,2
6998,3
6999,1
7000,1
7001,0
7002,1
7003,3
7004,1
7005,1
7006,0
7007,2
7008,0
7009,2
7010,1
7011,2
7012,2
7013,0
7014,2
7015,2
7016,1
7017,3
7018,1
7019,3
7020,1
7021,0
7022,1
7023,0
7024,1
7025,0
7026,2
7027,3
7028,1
7029,1
7030,3
7031,0
7032,1
7033,3
7034,1
7035,1
7036,1
7037,3
7038,0
7039,1
7040,2
7041,2
7042,3
7043,1
7044,0
7045,1
7046,0
7047,3
7048,2
7049,1
7050,3
7051,2
7052,3
7053,2
7054,2
7055,0
7056,1
7057,2
7058,2
7059,0
7060,1
7061,1
7062,1
7063,1
7064,2
7065,1
7066,2
7067,0
7068,2
7069,2
7070,1
7071,1
7072,2
7073,2
7074,1
7075,1
7076,0
7077,2
7078,1
7079,0
7080,2
7081,2
7082,2
7083,3
7084,1
7085,3
7086,3
7087,3
7088,4
7089,3
7090,3
7091,1
7092,1
7093,1
7094,1
7095,2
7096,2
7097,4
7098,3
7099,2
7100,2
7101,4
7102,2
7103,2
7104,4
7105,2
7106,2
7107,2
7108,1
7109,3
7110,4
7111,4
7112,3
7113,2
7114,3
7115,3
7116,3
7117,3
7118,2
7119,3
7120,4
7121,2
7122,3
7123,3
7124,2
7125,1
7126,3
7127,3
7128,3
7129,3
7130,2
7131,2
7132,3
7133,2
7134,1
7135,3
7136,3
7137,3
7138,4
7139,2
7140,3
7141,2
7142,1
7143,2
7144,2
7145,3
7146,2
7147,3
7148,2
7149,3
7150,3
7151,3
7152,3
7153,3
7154,3
7155,3
7156,1
7157,1
7158,3
7159,3
7160,4
7161,2
7162,3
7163,2
7164,1
7165,3
7166,2
7167,2
7168,1
7169,2
7170,3
7171,2
7172,2
7173,1
7174,3
7175,3
7176,2
7177,2
7178,2
7179,2
7180,1
7181,2
7182,3
7183,2
7184,2
7185,3
7186,4
7187,3
7188,3
7189,1
7190,2
7191,4
7192,3
7193,3
7194,2
7195,3
7196,3
7197,3
7198,2
7199,4
7200,3
7201,2
7202,2
7203,3
7204,1
7205,3
7206,1
7207,1
7208,4
7209,1
7210,2
7211,4
7212,2
7213,2
7214,3
7215,1
7216,3
7217,4
7218,3
7219,3
7220,1
7221,2
7222,2
7223,2
7224,4
7225,1
7226,3
7227,2
7228,2
7229,4
7230,1
7231,1
7232,3
7233,4
7234,4
7235,2
7236,2
7237,1
7238,2
7239,4
7240,4
7241,2
7242,3
7243,3
7244,4
7245,3
7246,2
7247,1
7248,2
7249,1
7250,2
7251,4
7252,1
7253,3
7254,2
7255,2
7256,1
7257,3
7258,2
7259,3
7260,1
7261,3
7262,3
7263,2
7264,2
7265,3
7266,2
7267,1
7268,3
7269,2
7270,3
7271,1
7272,4
7273,2
7274,3
7275,3
7276,2
7277,1
7278,3
7279,2
7280,2
7281,2
7282,4
7283,2
7284,3
7285,4
7286,1
7287,3
7288,3
7289,2
7290,1
7291,3
7292,2
7293,2
7294,1
7295,1
7296,3
7297,1
7298,3
7299,2
7300,1
7301,2
7302,2
7303,4
7304,0
7305,2
7306,4
7307,0
7308,3
7309,2
7310,3
7311,1
7312,3
7313,2
7314,3
7315,2
7316,3
7317,2
7318,3
7319,2
7320,0
7321,2
7322,3
7323,4
7324,2
7325,3
7326,4
7327,2
7328,2
7329,3
7330,2
7331,3
7332,1
7333,3
7334,4
7335,4
7336,3
7337,1
7338,3
7339,3
7340,3
7341,1
7342,2
7343,1
7344,4
7345,3
7346,1
7347,2
7348,2
7349,1
7350,1
7351,1
7352,1
7353,3
7354,4
7355,4
7356,4
7357,3
7358,2
7359,3
7360,3
7361,2
7362,3
7363,3
7364,4
7365,1
7366,4
7367,1
7368,2
7369,1
7370,3
7371,2
7372,2
7373,2
7374,3
7375,1
7376,2
7377,2
7378,2
7379,4
7380,4
7381,4
7382,4
7383,2
7384,2
7385,3
7386,3
7387,3
7388,2
7389,1
7390,1
7391,2
7392,2
7393,4
7394,2
7395,3
7396,3
7397,1
7398,4
7399,1
7400,2
7401,3
7402,3
7403,1
7404,3
7405,3
7406,3
7407,1
7408,4
7409,3
7410,4
7411,3
7412,3
7413,3
7414,3
7415,2
7416,4
7417,2
7418,3
7419,2
7420,2
7421,1
7422,2
7423,1
7424,4
7425,2
7426,1
7427,2
7428,2
7429,2
7430,1
7431,2
7432,2
7433,4
7434,2
7435,3
7436,2
7437,1
7438,3
7439,3
7440,2
7441,2
7442,4
7443,1
7444,1
7445,3
7446,1
7447,2
7448,2
7449,2
7450,2
7451,2
7452,2
7453,2
7454,4
7455,3
7456,1
7457,2
7458,3
7459,3
7460,3
7461,4
7462,2
7463,2
7464,3
7465,3
7466,4
7467,4
7468,1
7469,1
7470,4
7471,2
7472,2
7473,4
7474,2
7475,3
7476,1
7477,2
7478,3
7479,3
7480,4
7481,1
7482,3
7483,3
7484,3
7485,4
7486,3
7487,3
7488,1
7489,3
7490,3
7491,2
7492,1
7493,2
7494,4
7495,4
7496,4
7497,3
7498,4
7499,1
7500,2
7501,3
7502,3
7503,1
7504,2
7505,3
7506,3
7507,3
7508,1
7509,2
7510,4
7511,3
7512,1
7513,2
7514,2
7515,3
7516,2
7517,4
7518,2
7519,2
7520,2
7521,2
7522,2
7523,4
7524,4
7525,1
7526,3
7527,4
7528,1
7529,1
7530,4
7531,2
7532,3
7533,2
7534,2
7535,3
7536,3
7537,2
7538,2
7539,2
7540,1
7541,3
7542,2
7543,1
7544,3
7545,3
7546,2
7547,3
7548,0
7549,3
7550,4
7551,3
7552,2
7553,4
7554,2
7555,1
7556,2
7557,3
7558,1
7559,3
7560,2
7561,1
7562,2
7563,3
7564,3
7565,2
7566,3
7567,3
7568,2
7569,3
7570,2
7571,1
7572,4
7573,2
7574,2
7575,3
7576,1
7577,3
7578,3
7579,1
7580,3
7581,3
7582,2
7583,2
7584,2
7585,1
7586,1
7587,2
7588,3
7589,2
7590,1
7591,2
7592,2
7593,3
7594,4
7595,2
7596,1
7597,4
7598,1
7599,0
7600,2
7601,4
7602,3
7603,2
7604,3
7605,3
7606,3
7607,3
7608,2
7609,4
7610,1
7611,3
7612,1
7613,3
7614,4
7615,2
7616,0
7617,3
7618,4
7619,4
7620,3
7621,4
7622,3
7623,2
7624,3
7625,3
7626,3
7627,4
7628,3
7629,2
7630,3
7631,2
7632,1
7633,2
7634,1
7635,2
7636,2
7637,3
7638,3
7639,2
7640,2
7641,4
7642,4
7643,2
7644,2
7645,2
7646,2
7647,4
7648,2
7649,3
7650,2
7651,2
7652,2
7653,2
7654,2
7655,1
7656,2
7657,4
7658,4
7659,4
7660,3
7661,2
7662,3
7663,2
7664,1
7665,3
7666,2
7667,2
7668,0
7669,3
7670,2
7671,3
7672,2
7673,2
7674,4
7675,2
7676,4
7677,3
7678,4
7679,3
7680,2
7681,2
7682,2
7683,3
7684,3
7685,2
7686,3
7687,2
7688,2
7689,0
7690,2
7691,2
7692,2
7693,3
7694,4
7695,2
7696,2
7697,1
7698,3
7699,1
7700,4
7701,4
7702,4
7703,3
7704,3
7705,1
7706,2
7707,1
7708,4
7709,2
7710,2
7711,3
7712,3
7713,3
7714,2
7715,1
7716,4
7717,2
7718,2
7719,1
7720,3
7721,3
7722,3
7723,1
7724,4
7725,2
7726,1
7727,2
7728,2
7729,1
7730,2
7731,2
7732,4
7733,4
7734,1
7735,3
7736,4
7737,3
7738,2
7739,2
7740,1
7741,2
7742,2
7743,4
7744,2
7745,2
7746,2
7747,2
7748,3
7749,2
7750,1
7751,4
7752,4
7753,2
7754,3
7755,4
7756,2
7757,2
7758,2
7759,4
7760,1
7761,2
7762,2
7763,3
7764,2
7765,2
7766,3
7767,4
7768,4
7769,2
7770,4
7771,4
7772,3
7773,2
7774,3
7775,1
7776,3
7777,3
7778,2
7779,3
7780,0
7781,1
7782,2
7783,4
7784,4
7785,4
7786,3
7787,2
7788,2
7789,4
7790,3
7791,3
7792,4
7793,2
7794,2
7795,2
7796,1
7797,2
7798,3
7799,3
7800,1
7801,1
7802,2
7803,2
7804,2
7805,2
7806,1
7807,4
7808,1
7809,3
7810,3
7811,3
7812,1
7813,1
7814,2
7815,1
7816,1
7817,2
7818,3
7819,2
7820,1
7821,2
7822,2
7823,2
7824,2
7825,2
7826,1
7827,3
7828,4
7829,2
7830,3
7831,1
7832,1
7833,3
7834,1
7835,4
7836,2
7837,3
7838,3
7839,2
7840,2
7841,3
7842,1
7843,3
7844,3
7845,2
7846,1
7847,1
7848,3
7849,1
7850,2
7851,3
7852,1
7853,2
7854,2
7855,1
7856,1
7857,1
7858,1
7859,3
7860,1
7861,3
7862,4
7863,4
7864,2
7865,2
7866,3
7867,3
7868,2
7869,2
7870,2
7871,2
7872,3
7873,4
7874,4
7875,1
7876,3
7877,2
7878,2
7879,1
7880,3
7881,2
7882,2
7883,1
7884,1
7885,3
7886,3
7887,3
7888,2
7889,1
7890,1
7891,4
7892,3
7893,3
7894,1
7895,2
7896,1
7897,2
7898,3
7899,3
7900,2
7901,2
7902,2
7903,3
7904,3
7905,2
7906,1
7907,2
7908,2
7909,2
7910,3
7911,2
7912,2
7913,2
7914,3
7915,2
7916,2
7917,1
7918,1
7919,3
7920,2
7921,3
7922,2
7923,4
7924,2
7925,4
7926,3
7927,4
7928,4
7929,3
7930,2
7931,1
7932,2
7933,2
7934,3
7935,1
7936,2
7937,4
7938,2
7939,2
7940,4
7941,1
7942,2
7943,1
7944,3
7945,1
7946,3
7947,4
7948,3
7949,3
7950,3
7951,3
7952,3
7953,4
7954,4
7955,2
7956,2
7957,2
7958,3
7959,2
7960,4
7961,2
7962,1
7963,3
7964,4
7965,2
7966,2
7967,2
7968,1
7969,3
7970,2
7971,1
7972,1
7973,2
7974,2
7975,2
7976,2
7977,2
7978,3
7979,4
7980,1
7981,3
7982,3
7983,4
7984,2
7985,1
7986,2
7987,2
7988,1
7989,3
7990,4
7991,1
7992,3
7993,2
7994,2
7995,4
7996,3
7997,3
7998,2
7999,3
8000,1
8001,3
8002,3
8003,4
8004,2
8005,2
8006,1
8007,3
8008,1
8009,3
8010,2
8011,2
8012,1
8013,2
8014,3
8015,3
8016,2
8017,2
8018,3
8019,3
8020,3
8021,2
8022,2
8023,2
8024,3
8025,1
8026,1
8027,2
8028,2
8029,2
8030,2
8031,3
8032,4
8033,4
8034,3
8035,2
8036,3
8037,1
8038,4
8039,3
8040,3
8041,2
8042,1
8043,1
8044,2
8045,2
8046,1
8047,3
8048,2
8049,1
8050,1
8051,3
8052,3
8053,2
8054,4
8055,2
8056,2
8057,3
8058,2
8059,3
8060,4
8061,4
8062,1
8063,2
8064,4
8065,1
8066,3
8067,3
8068,3
8069,2
8070,2
8071,4
8072,3
8073,3
8074,1
8075,1
8076,4
8077,3
8078,2
8079,2
8080,2
8081,2
8082,1
8083,2
8084,3
8085,4
8086,3
8087,2
8088,3
8089,2
8090,1
8091,2
8092,3
8093,3
8094,4
8095,4
8096,1
8097,2
8098,3
8099,0
8100,3
8101,3
8102,3
8103,2
8104,2
8105,3
8106,3
8107,2
8108,1
8109,3
8110,4
8111,2
8112,2
8113,3
8114,2
8115,2
8116,2
8117,4
8118,2
8119,3
8120,3
8121,3
8122,1
8123,3
8124,1
8125,2
8126,3
8127,2
8128,3
8129,2
8130,1
8131,2
8132,3
8133,3
8134,0
8135,4
8136,3
8137,2
8138,2
8139,1
8140,2
8141,2
8142,2
8143,2
8144,2
8145,4
8146,3
8147,3
8148,2
8149,2
8150,2
8151,2
8152,2
8153,2
8154,2
8155,1
8156,1
8157,2
8158,1
8159,3
8160,0
8161,3
8162,3
8163,4
8164,3
8165,4
8166,2
8167,2
8168,1
8169,3
8170,3
8171,4
8172,3
8173,4
8174,3
8175,1
8176,1
8177,2
8178,4
8179,3
8180,2
8181,1
8182,2
8183,2
8184,3
8185,3
8186,1
8187,1
8188,2
8189,3
8190,2
8191,4
8192,3
8193,0
8194,2
8195,4
8196,0
8197,3
8198,1
8199,2
8200,2
8201,2
8202,2
8203,2
8204,1
8205,3
8206,2
8207,1
8208,3
8209,2
8210,2
8211,3
8212,4
8213,3
8214,2
8215,3
8216,2
8217,3
8218,3
8219,3
8220,3
8221,1
8222,4
8223,1
8224,3
8225,2
8226,4
8227,3
8228,2
8229,3
8230,1
8231,2
8232,2
8233,2
8234,4
8235,4
8236,2
8237,2
8238,3
8239,4
8240,3
8241,4
8242,2
8243,4
8244,3
8245,4
8246,4
8247,3
8248,2
8249,2
8250,2
8251,2
8252,2
8253,2
8254,3
8255,1
8256,2
8257,2
8258,4
8259,1
8260,0
8261,2
8262,3
8263,3
8264,1
8265,1
8266,3
8267,3
8268,2
8269,2
8270,3
8271,0
8272,4
8273,4
8274,3
8275,3
8276,4
8277,2
8278,3
8279,2
8280,2
8281,3
8282,3
8283,2
8284,3
8285,2
8286,1
8287,1
8288,2
8289,3
8290,2
8291,3
8292,3
8293,2
8294,2
8295,4
8296,1
8297,4
8298,2
8299,3
8300,3
8301,4
8302,2
8303,2
8304,3
8305,4
8306,2
8307,2
8308,3
8309,2
8310,4
8311,4
8312,2
8313,2
8314,2
8315,1
8316,2
8317,1
8318,2
8319,1
8320,0
8321,1
8322,2
8323,2
8324,2
8325,4
8326,2
8327,3
8328,3
8329,3
8330,2
8331,1
8332,3
8333,4
8334,4
8335,4
8336,1
8337,4
8338,2
8339,2
8340,3
8341,2
8342,1
8343,3
8344,4
8345,2
8346,1
8347,4
8348,2
8349,1
8350,2
8351,1
8352,0
8353,4
8354,2
8355,1
8356,2
8357,3
8358,2
8359,2
8360,3
8361,3
8362,2
8363,1
8364,3
8365,2
8366,3
8367,2
8368,2
8369,3
8370,2
8371,1
8372,2
8373,1
8374,1
8375,4
8376,2
8377,4
8378,3
8379,2
8380,2
8381,2
8382,3
8383,4
8384,2
8385,2
8386,3
8387,2
8388,2
8389,1
8390,2
8391,2
8392,4
8393,3
8394,1
8395,4
8396,1
8397,3
8398,4
8399,4
8400,3
8401,4
8402,2
8403,3
8404,3
8405,2
8406,2
8407,4
8408,1
8409,3
8410,3
8411,1
8412,3
8413,2
8414,3
8415,2
8416,1
8417,4
8418,1
8419,2
8420,3
8421,1
8422,2
8423,4
8424,3
8425,2
8426,3
8427,2
8428,1
8429,3
8430,2
8431,3
8432,3
8433,3
8434,3
8435,3
8436,2
8437,3
8438,2
8439,1
8440,2
8441,4
8442,2
8443,3
8444,2
8445,4
8446,2
8447,2
8448,4
8449,3
8450,4
8451,3
8452,2
8453,3
8454,3
8455,1
8456,1
8457,4
8458,3
8459,2
8460,4
8461,3
8462,3
8463,2
8464,3
8465,3
8466,3
8467,4
8468,0
8469,4
8470,2
8471,3
8472,2
8473,3
8474,1
8475,3
8476,2
8477,2
8478,2
8479,2
8480,3
8481,3
8482,2
8483,1
8484,1
8485,2
8486,4
8487,2
8488,3
8489,1
8490,3
8491,3
8492,1
8493,1
8494,3
8495,3
8496,2
8497,3
8498,1
8499,1
8500,3
8501,1
8502,3
8503,1
8504,4
8505,3
8506,2
8507,2
8508,2
8509,4
8510,2
8511,2
8512,1
8513,3
8514,4
8515,1
8516,2
8517,4
8518,3
8519,1
8520,2
8521,3
8522,4
8523,3
8524,2
8525,4
8526,2
8527,2
8528,1
8529,3
8530,3
8531,2
8532,2
8533,3
8534,3
8535,3
8536,3
8537,2
8538,2
8539,4
8540,3
8541,1
8542,2
8543,2
8544,3
8545,3
8546,3
8547,1
8548,3
8549,3
8550,0
8551,2
8552,2
8553,2
8554,3
8555,2
8556,3
8557,2
8558,3
8559,2
8560,4
8561,2
8562,1
8563,2
8564,2
8565,2
8566,2
8567,4
8568,3
8569,3
8570,2
8571,2
8572,2
8573,3
8574,1
8575,2
8576,2
8577,3
8578,2
8579,3
8580,1
8581,4
8582,2
8583,3
8584,4
8585,3
8586,1
8587,2
8588,4
8589,2
8590,1
8591,3
8592,2
8593,3
8594,0
8595,3
8596,3
8597,2
8598,3
8599,4
8600,3
8601,3
8602,3
8603,2
8604,1
8605,2
8606,1
8607,1
8608,3
8609,3
8610,2
8611,2
8612,2
8613,2
8614,2
8615,3
8616,2
8617,2
8618,3
8619,2
8620,1
8621,2
8622,2
8623,2
8624,1
8625,4
8626,2
8627,3
8628,3
8629,2
8630,4
8631,2
8632,3
8633,1
8634,1
8635,1
8636,2
8637,1
8638,1
8639,4
8640,4
8641,3
8642,2
8643,4
8644,3
8645,2
8646,1
8647,2
8648,4
8649,1
8650,2
8651,3
8652,3
8653,4
8654,1
8655,4
8656,3
8657,3
8658,2
8659,3
8660,1
8661,3
8662,3
8663,4
8664,3
8665,3
8666,2
8667,1
8668,1
8669,3
8670,4
8671,1
8672,3
8673,3
8674,0
8675,3
8676,2
8677,2
8678,2
8679,2
8680,2
8681,3
8682,2
8683,3
8684,4
8685,2
8686,3
8687,2
8688,3
8689,3
8690,1
8691,4
8692,3
8693,1
8694,2
8695,2
8696,3
8697,2
8698,3
8699,2
8700,1
8701,4
8702,1
8703,3
8704,2
8705,2
8706,1
8707,3
8708,3
8709,4
8710,4
8711,2
8712,4
8713,3
8714,1
8715,3
8716,4
8717,4
8718,4
8719,4
8720,2
8721,2
8722,0
8723,2
8724,3
8725,3
8726,3
8727,1
8728,1
8729,2
8730,2
8731,2
8732,1
8733,4
8734,3
8735,3
8736,3
8737,2
8738,3
8739,3
8740,2
8741,3
8742,3
8743,3
8744,4
8745,1
8746,2
8747,4
8748,2
8749,2
8750,1
8751,3
8752,3
8753,2
8754,2
8755,1
8756,3
8757,3
8758,3
8759,3
8760,1
8761,2
8762,2
8763,2
8764,1
8765,4
8766,2
8767,2
8768,3
8769,4
8770,3
8771,3
8772,3
8773,3
8774,3
8775,3
8776,2
8777,3
8778,3
8779,3
8780,2
8781,1
8782,4
8783,3
8784,4
8785,3
8786,3
8787,3
8788,2
8789,2
8790,1
8791,2
8792,2
8793,3
8794,4
8795,3
8796,2
8797,2
8798,2
8799,2
8800,3
8801,4
8802,1
8803,3
8804,2
8805,1
8806,3
8807,3
8808,2
8809,3
8810,2
8811,3
8812,3
8813,3
8814,2
8815,2
8816,2
8817,3
8818,1
8819,3
8820,3
8821,1
8822,2
8823,3
8824,3
8825,3
8826,2
8827,2
8828,3
8829,1
8830,1
8831,1
8832,3
8833,2
8834,3
8835,3
8836,3
8837,3
8838,4
8839,4
8840,4
8841,3
8842,2
8843,1
8844,2
8845,2
8846,3
8847,1
8848,3
8849,3
8850,2
8851,4
8852,4
8853,2
8854,2
8855,3
8856,2
8857,1
8858,2
8859,3
8860,3
8861,4
8862,2
8863,2
8864,2
8865,2
8866,2
8867,2
8868,2
8869,1
8870,2
8871,3
8872,2
8873,3
8874,4
8875,2
8876,2
8877,2
8878,2
8879,3
8880,3
8881,2
8882,0
8883,4
8884,3
8885,2
8886,2
8887,3
8888,4
8889,1
8890,3
8891,4
8892,3
8893,3
8894,3
8895,3
8896,3
8897,4
8898,4
8899,3
8900,2
8901,3
8902,1
8903,3
8904,3
8905,2
8906,3
8907,4
8908,2
8909,4
8910,3
8911,2
8912,3
8913,3
8914,3
8915,3
8916,4
8917,3
8918,2
8919,2
8920,3
8921,2
8922,2
8923,3
8924,3
8925,2
8926,1
8927,3
8928,3
8929,2
8930,2
8931,3
8932,3
8933,4
8934,4
8935,3
8936,3
8937,2
8938,3
8939,3
8940,2
8941,3
8942,3
8943,1
8944,3
8945,2
8946,4
8947,2
8948,4
8949,3
8950,4
8951,1
8952,3
8953,1
8954,4
8955,3
8956,3
8957,1
8958,3
8959,3
8960,2
8961,3
8962,3
8963,1
8964,3
8965,3
8966,3
8967,3
8968,3
8969,3
8970,3
8971,2
8972,3
8973,3
8974,3
8975,3
8976,3
8977,3
8978,3
8979,2
8980,2
8981,2
8982,4
8983,2
8984,3
8985,4
8986,4
8987,3
8988,3
8989,1
8990,3
8991,0
8992,3
8993,3
8994,3
8995,3
8996,4
8997,2
8998,3
8999,3
9000,2
9001,1
9002,3
9003,0
9004,2
9005,3
9006,2
9007,3
9008,4
9009,0
9010,2
9011,3
9012,3
9013,3
9014,2
9015,4
9016,2
9017,2
9018,3
9019,4
9020,3
9021,2
9022,3
9023,3
9024,4
9025,1
9026,3
9027,3
9028,3
9029,3
9030,4
9031,1
9032,3
9033,3
9034,4
9035,2
9036,3
9037,0
9038,3
9039,4
9040,3
9041,3
9042,4
9043,3
9044,3
9045,2
9046,3
9047,4
9048,2
9049,1
9050,3
9051,4
9052,4
9053,3
9054,3
9055,1
9056,4
9057,3
9058,3
9059,3
9060,3
9061,4
9062,1
9063,3
9064,3
9065,2
9066,2
9067,3
9068,2
9069,0
9070,2
9071,3
9072,2
9073,3
9074,3
9075,3
9076,3
9077,1
9078,3
9079,3
9080,2
9081,4
9082,4
9083,3
9084,4
9085,4
9086,4
9087,2
9088,3
9089,2
9090,3
9091,2
9092,2
9093,2
9094,4
9095,3
9096,3
9097,3
9098,4
9099,3
9100,2
9101,3
9102,3
9103,3
9104,3
9105,3
9106,2
9107,3
9108,2
9109,1
9110,4
9111,3
9112,3
9113,3
9114,4
9115,4
9116,2
9117,3
9118,3
9119,2
9120,4
9121,4
9122,3
9123,3
9124,3
9125,4
9126,3
9127,1
9128,3
9129,2
9130,2
9131,3
9132,3
9133,4
9134,1
9135,3
9136,2
9137,4
9138,2
9139,3
9140,3
9141,4
9142,2
9143,2
9144,3
9145,3
9146,4
9147,0
9148,1
9149,4
9150,2
9151,3
9152,3
9153,4
9154,3
9155,4
9156,3
9157,3
9158,1
9159,3
9160,3
9161,2
9162,2
9163,3
9164,1
9165,0
9166,2
9167,3
9168,3
9169,1
9170,1
9171,2
9172,2
9173,4
9174,3
9175,3
9176,3
9177,3
9178,1
9179,4
9180,3
9181,2
9182,3
9183,2
9184,3
9185,2
9186,2
9187,3
9188,3
9189,2
9190,3
9191,4
9192,2
9193,1
9194,2
9195,2
9196,3
9197,3
9198,3
9199,3
9200,2
9201,2
9202,3
9203,4
9204,2
9205,2
9206,2
9207,4
9208,3
9209,3
9210,4
9211,3
9212,3
9213,4
9214,2
9215,3
9216,3
9217,3
9218,4
9219,3
9220,4
9221,4
9222,3
9223,2
9224,2
9225,4
9226,3
9227,2
9228,4
9229,1
9230,2
9231,4
9232,4
9233,4
9234,4
9235,2
9236,3
9237,1
9238,4
9239,3
9240,1
9241,4
9242,4
9243,3
9244,2
9245,1
9246,2
9247,1
9248,3
9249,3
9250,3
9251,3
9252,4
9253,3
9254,3
9255,4
9256,2
9257,3
9258,2
9259,2
9260,3
9261,3
9262,3
9263,2
9264,2
9265,3
9266,1
9267,4
9268,3
9269,2
9270,2
9271,3
9272,3
9273,2
9274,4
9275,3
9276,2
9277,4
9278,4
9279,3
9280,4
9281,2
9282,4
9283,4
9284,1
9285,3
9286,4
9287,2
9288,3
9289,2
9290,1
9291,4
9292,1
9293,3
9294,4
9295,3
9296,3
9297,1
9298,4
9299,3
9300,3
9301,3
9302,3
9303,3
9304,2
9305,3
9306,2
9307,2
9308,2
9309,3
9310,1
9311,2
9312,2
9313,3
9314,1
9315,3
9316,4
9317,3
9318,3
9319,4
9320,0
9321,2
9322,2
9323,2
9324,3
9325,4
9326,3
9327,2
9328,3
9329,4
9330,2
9331,2
9332,2
9333,3
9334,4
9335,2
9336,3
9337,3
9338,3
9339,3
9340,1
9341,4
9342,2
9343,3
9344,1
9345,2
9346,3
9347,3
9348,3
9349,2
9350,2
9351,1
9352,4
9353,4
9354,4
9355,4
9356,1
9357,3
9358,3
9359,3
9360,3
9361,4
9362,3
9363,3
9364,3
9365,4
9366,3
9367,4
9368,3
9369,1
9370,4
9371,1
9372,4
9373,4
9374,2
9375,3
9376,2
9377,2
9378,3
9379,4
9380,2
9381,4
9382,4
9383,4
9384,3
9385,3
9386,3
9387,4
9388,4
9389,3
9390,2
9391,3
9392,3
9393,4
9394,3
9395,1
9396,3
9397,3
9398,3
9399,2
9400,3
9401,3
9402,3
9403,3
9404,3
9405,3
9406,4
9407,3
9408,3
9409,2
9410,4
9411,2
9412,3
9413,3
9414,2
9415,0
9416,3
9417,3
9418,2
9419,3
9420,2
9421,3
9422,3
9423,2
9424,4
9425,4
9426,1
9427,4
9428,4
9429,2
9430,2
9431,3
9432,3
9433,0
9434,4
9435,3
9436,3
9437,3
9438,1
9439,3
9440,3
9441,4
9442,2
9443,2
9444,3
9445,3
9446,3
9447,3
9448,3
9449,4
9450,4
9451,2
9452,3
9453,3
9454,1
9455,1
9456,3
9457,2
9458,1
9459,2
9460,4
9461,3
9462,3
9463,4
9464,3
9465,3
9466,2
9467,2
9468,4
9469,3
9470,3
9471,4
9472,2
9473,3
9474,2
9475,3
9476,2
9477,3
9478,1
9479,3
9480,3
9481,3
9482,4
9483,0
9484,2
9485,3
9486,2
9487,4
9488,4
9489,2
9490,3
9491,2
9492,2
9493,1
9494,2
9495,3
9496,3
9497,2
9498,4
9499,4
9500,3
9501,1
9502,4
9503,3
9504,2
9505,4
9506,3
9507,3
9508,0
9509,3
9510,2
9511,4
9512,4
9513,3
9514,3
9515,2
9516,4
9517,3
9518,2
9519,4
9520,2
9521,4
9522,3
9523,3
9524,3
9525,2
9526,4
9527,2
9528,4
9529,3
9530,2
9531,3
9532,2
9533,3
9534,1
9535,1
9536,4
9537,2
9538,4
9539,2
9540,3
9541,3
9542,1
9543,3
9544,3
9545,4
9546,4
9547,4
9548,2
9549,3
9550,3
9551,4
9552,3
9553,3
9554,3
9555,2
9556,1
9557,1
9558,3
9559,3
9560,4
9561,3
9562,2
9563,3
9564,3
9565,1
9566,2
9567,4
9568,3
9569,3
9570,3
9571,4
9572,3
9573,4
9574,3
9575,4
9576,3
9577,3
9578,4
9579,2
9580,2
9581,3
9582,4
9583,2
9584,1
9585,4
9586,3
9587,2
9588,2
9589,2
9590,3
9591,3
9592,2
9593,2
9594,3
9595,3
9596,2
9597,3
9598,3
9599,3
9600,3
9601,3
9602,3
9603,1
9604,3
9605,2
9606,3
9607,2
9608,3
9609,3
9610,3
9611,3
9612,4
9613,4
9614,4
9615,1
9616,3
9617,3
9618,4
9619,3
9620,4
9621,1
9622,3
9623,2
9624,4
9625,3
9626,4
9627,4
9628,4
9629,3
9630,3
9631,3
9632,2
9633,2
9634,3
9635,3
9636,4
9637,2
9638,2
9639,3
9640,3
9641,2
9642,3
9643,1
9644,4
9645,3
9646,3
9647,3
9648,3
9649,3
9650,3
9651,2
9652,2
9653,3
9654,3
9655,2
9656,1
9657,3
9658,3
9659,4
9660,3
9661,3
9662,4
9663,4
9664,2
9665,3
9666,2
9667,3
9668,2
9669,4
9670,3
9671,3
9672,3
9673,4
9674,3
9675,3
9676,4
9677,2
9678,3
9679,0
9680,3
9681,3
9682,2
9683,3
9684,1
9685,3
9686,4
9687,3
9688,1
9689,3
9690,2
9691,3
9692,3
9693,4
9694,1
9695,3
9696,3
9697,3
9698,3
9699,1
9700,2
9701,1
9702,3
9703,3
9704,4
9705,3
9706,4
9707,4
9708,3
9709,3
9710,4
9711,3
9712,2
9713,1
9714,1
9715,1
9716,4
9717,4
9718,2
9719,3
9720,1
9721,3
9722,3
9723,4
9724,2
9725,2
9726,4
9727,2
9728,3
9729,3
9730,2
9731,3
9732,3
9733,3
9734,4
9735,3
9736,3
9737,2
9738,3
9739,1
9740,3
9741,4
9742,3
9743,1
9744,4
9745,2
9746,3
9747,3
9748,2
9749,4
9750,2
9751,4
9752,4
9753,3
9754,4
9755,4
9756,2
9757,4
9758,4
9759,4
9760,4
9761,4
9762,2
9763,2
9764,4
9765,3
9766,4
9767,2
9768,2
9769,2
9770,3
9771,2
9772,2
9773,4
9774,3
9775,3
9776,3
9777,2
9778,3
9779,2
9780,1
9781,3
9782,2
9783,3
9784,2
9785,0
9786,2
9787,1
9788,3
9789,3
9790,1
9791,3
9792,3
9793,3
9794,3
9795,3
9796,3
9797,2
9798,3
9799,3
9800,2
9801,1
9802,1
9803,3
9804,3
9805,0
9806,4
9807,0
9808,3
9809,3
9810,3
9811,3
9812,3
9813,3
9814,2
9815,3
9816,3
9817,3
9818,3
9819,4
9820,2
9821,1
9822,4
9823,3
9824,4
9825,2
9826,3
9827,3
9828,4
9829,3
9830,1
9831,3
9832,4
9833,4
9834,3
9835,4
9836,3
9837,3
9838,3
9839,4
9840,4
9841,2
9842,4
9843,1
9844,2
9845,1
9846,3
9847,3
9848,3
9849,2
9850,3
9851,2
9852,3
9853,3
9854,3
9855,1
9856,4
9857,4
9858,3
9859,0
9860,3
9861,3
9862,3
9863,2
9864,3
9865,3
9866,4
9867,3
9868,3
9869,3
9870,2
9871,3
9872,4
9873,3
9874,1
9875,1
9876,4
9877,3
9878,3
9879,4
9880,3
9881,1
9882,3
9883,0
9884,2
9885,1
9886,4
9887,4
9888,1
9889,1
9890,2
9891,2
9892,2
9893,3
9894,2
9895,3
9896,2
9897,3
9898,4
9899,2
9900,3
9901,2
9902,0
9903,2
9904,2
9905,3
9906,4
9907,4
9908,3
9909,3
9910,3
9911,3
9912,1
9913,4
9914,2
9915,3
9916,3
9917,2
9918,3
9919,2
9920,1
9921,3
9922,3
9923,3
9924,1
9925,3
9926,3
9927,2
9928,3
9929,3
9930,1
9931,4
9932,3
9933,2
9934,2
9935,3
9936,2
9937,3
9938,3
9939,3
9940,3
9941,1
9942,2
9943,4
9944,3
9945,3
9946,2
9947,4
9948,3
9949,3
9950,3
9951,3
9952,3
9953,3
9954,3
9955,3
9956,1
9957,3
9958,3
9959,3
9960,2
9961,3
9962,3
9963,1
9964,1
9965,0
9966,3
9967,3
9968,4
9969,1
9970,4
9971,2
9972,3
9973,3
9974,3
9975,4
9976,3
9977,3
9978,2
9979,3
9980,3
9981,1
9982,4
9983,2
9984,3
9985,3
9986,1
9987,3
9988,4
9989,4
9990,3
9991,1
9992,3
9993,1
9994,2
9995,3
9996,4
9997,4
9998,3
9999,1
10000,4
10001,3
10002,3
10003,3
10004,4
10005,2
10006,2
10007,3
10008,3
10009,3
10010,2
10011,4
10012,0
10013,2
10014,2
10015,3
10016,3
10017,4
10018,3
10019,2
10020,2
10021,3
10022,4
10023,4
10024,0
10025,3
10026,3
10027,3
10028,2
10029,3
10030,3
10031,2
10032,3
10033,4
10034,3
10035,4
10036,2
10037,1
10038,2
10039,3
10040,1
10041,1
10042,1
10043,3
10044,2
10045,1
10046,3
10047,3
10048,2
10049,3
10050,4
10051,4
10052,4
10053,3
10054,2
10055,4
10056,4
10057,3
10058,3
10059,4
10060,2
10061,3
10062,4
10063,2
10064,3
10065,1
10066,1
10067,2
10068,0
10069,3
10070,3
10071,3
10072,2
10073,4
10074,1
10075,3
10076,3
10077,4
10078,2
10079,3
10080,1
10081,4
10082,0
10083,3
10084,2
10085,4
10086,3
10087,3
10088,3
10089,3
10090,3
10091,3
10092,4
10093,2
10094,2
10095,3
10096,3
10097,4
10098,1
10099,3
10100,1
10101,4
10102,4
10103,4
10104,1
10105,4
10106,1
10107,2
10108,3
10109,2
10110,2
10111,1
10112,2
10113,1
10114,3
10115,1
10116,3
10117,4
10118,3
10119,3
10120,4
10121,2
10122,3
10123,3
10124,3
10125,3
10126,3
10127,3
10128,3
10129,4
10130,1
10131,3
10132,3
10133,3
10134,4
10135,4
10136,4
10137,4
10138,0
10139,4
10140,3
10141,3
10142,3
10143,3
10144,4
10145,2
10146,3
10147,3
10148,3
10149,3
10150,2
10151,1
10152,4
10153,3
10154,2
10155,0
10156,4
10157,3
10158,3
10159,4
10160,3
10161,3
10162,2
10163,2
10164,3
10165,0
10166,1
10167,3
10168,4
10169,4
10170,2
10171,4
10172,3
10173,3
10174,3
10175,3
10176,4
10177,3
10178,2
10179,4
10180,4
10181,3
10182,1
10183,2
10184,4
10185,3
10186,3
10187,2
10188,4
10189,3
10190,3
10191,2
10192,4
10193,1
10194,1
10195,4
10196,2
10197,4
10198,0
10199,2
10200,2
10201,4
10202,3
10203,3
10204,3
10205,3
10206,4
10207,2
10208,2
10209,3
10210,3
10211,4
10212,4
10213,4
10214,3
10215,3
10216,2
10217,2
10218,3
10219,3
10220,2
10221,3
10222,0
10223,4
10224,3
10225,4
10226,2
10227,2
10228,2
10229,2
10230,3
10231,3
10232,3
10233,4
10234,3
10235,4
10236,2
10237,4
10238,3
10239,2
10240,2
10241,3
10242,4
10243,3
10244,2
10245,3
10246,4
10247,2
10248,4
10249,3
10250,4
10251,3
10252,2
10253,4
10254,3
10255,3
10256,3
10257,2
10258,1
10259,3
10260,4
10261,3
10262,1
10263,3
10264,4
10265,2
10266,0
10267,2
10268,1
10269,3
10270,3
10271,3
10272,3
10273,2
10274,3
10275,3
10276,2
10277,1
10278,3
10279,1
10280,2
10281,4
10282,3
10283,3
10284,3
10285,2
10286,3
10287,3
10288,1
10289,3
10290,2
10291,3
10292,2
10293,3
10294,3
10295,3
10296,0
10297,3
10298,3
10299,2
10300,3
10301,4
10302,2
10303,4
10304,3
10305,3
10306,3
10307,3
10308,0
10309,3
10310,3
10311,3
10312,4
10313,3
10314,2
10315,0
10316,4
10317,3
10318,3
10319,3
10320,3
10321,4
10322,2
10323,3
10324,4
10325,3
10326,3
10327,4
10328,2
10329,4
10330,4
10331,3
10332,3
10333,2
10334,2
10335,3
10336,3
10337,2
10338,4
10339,3
10340,1
10341,1
10342,3
10343,2
10344,3
10345,3
10346,4
10347,4
10348,3
10349,3
10350,2
10351,3
10352,4
10353,3
10354,3
10355,4
10356,4
10357,3
10358,2
10359,3
10360,2
10361,2
10362,2
10363,1
10364,3
10365,1
10366,2
10367,1
10368,2
10369,3
10370,3
10371,2
10372,3
10373,3
10374,4
10375,3
10376,3
10377,2
10378,0
10379,3
10380,1
10381,3
10382,2
10383,2
10384,3
10385,4
10386,2
10387,3
10388,2
10389,2
10390,3
10391,3
10392,4
10393,3
10394,2
10395,2
10396,3
10397,2
10398,3
10399,0
10400,1
10401,2
10402,3
10403,3
10404,3
10405,1
10406,3
10407,3
10408,4
10409,3
10410,2
10411,2
10412,3
10413,3
10414,2
10415,3
10416,3
10417,0
10418,3
10419,1
10420,2
10421,3
10422,2
10423,4
10424,3
10425,2
10426,2
10427,3
10428,2
10429,3
10430,1
10431,2
10432,2
10433,3
10434,3
10435,2
10436,1
10437,3
10438,2
10439,3
10440,3
10441,2
10442,4
10443,4
10444,2
10445,4
10446,2
10447,3
10448,2
10449,4
10450,4
10451,3
10452,3
10453,2
10454,2
10455,3
10456,3
10457,4
10458,4
10459,3
10460,3
10461,2
10462,3
10463,4
10464,2
10465,2
10466,4
10467,4
10468,4
10469,3
10470,2
10471,4
10472,3
10473,3
10474,3
10475,1
10476,3
10477,3
10478,3
10479,3
10480,1
10481,3
10482,4
10483,2
10484,1
10485,3
10486,2
10487,2
10488,2
10489,4
10490,2
10491,2
10492,3
10493,2
10494,2
10495,3
10496,3
10497,3
10498,3
10499,4
10500,4
10501,2
10502,1
10503,3
10504,2
10505,2
10506,4
10507,3
10508,2
10509,4
10510,2
10511,3
10512,3
10513,3
10514,3
10515,3
10516,2
10517,3
10518,3
10519,2
10520,1
10521,3
10522,4
10523,3
10524,0
10525,3
10526,1
10527,3
10528,2
10529,3
10530,3
10531,3
10532,1
10533,2
10534,3
10535,4
10536,3
10537,2
10538,2
10539,3
10540,4
10541,3
10542,4
10543,3
10544,3
10545,3
10546,3
10547,4
10548,3
10549,2
10550,2
10551,4
10552,3
10553,4
10554,1
10555,4
10556,2
10557,4
10558,3
10559,3
10560,3
10561,3
10562,2
10563,2
10564,2
10565,3
10566,4
10567,3
10568,2
10569,0
10570,1
10571,3
10572,0
10573,0
10574,3
10575,3
10576,3
10577,3
10578,3
10579,4
10580,1
10581,4
10582,4
10583,2
10584,4
10585,3
10586,0
10587,2
10588,4
10589,2
10590,3
10591,1
10592,3
10593,3
10594,3
10595,1
10596,3
10597,3
10598,3
10599,3
10600,2
10601,1
10602,2
10603,4
10604,2
10605,1
10606,3
10607,4
10608,0
10609,3
10610,4
10611,1
10612,4
10613,3
10614,4
10615,3
10616,4
10617,3
10618,4
10619,2
10620,4
10621,3
10622,2
10623,2
10624,1
10625,3
10626,3
10627,3
10628,4
10629,4
10630,2
10631,3
10632,2
10633,4
10634,3
10635,3
10636,3
10637,3
10638,4
10639,4
10640,4
10641,1
10642,4
10643,2
10644,3
10645,2
10646,0
10647,4
10648,3
10649,4
10650,4
10651,3
10652,1
10653,2
10654,4
10655,2
10656,4
10657,4
10658,1
10659,3
10660,3
10661,1
10662,3
10663,3
10664,3
10665,3
10666,1
10667,2
10668,4
10669,3
10670,1
10671,2
10672,4
10673,3
10674,3
10675,4
10676,3
10677,2
10678,2
10679,3
10680,3
10681,0
10682,2
10683,3
10684,2
10685,2
10686,15
10687,13
10688,15
10689,17
10690,13
10691,23
10692,16
10693,18
10694,12
10695,10
10696,16
10697,19
10698,17
10699,14
10700,12
10701,16
10702,17
10703,16
10704,21
10705,14
10706,18
10707,24
10708,17
10709,16
10710,16
10711,9
10712,6
10713,10
10714,17
10715,16
10716,15
10717,11
10718,19
10719,24
10720,18
10721,16
10722,20
10723,12
10724,19
10725,10
10726,7
10727,16
10728,12
10729,12
10730,20
10731,24
10732,9
10733,9
10734,20
10735,16
10736,8
10737,15
10738,20
10739,17
10740,18
10741,13
10742,12
10743,20
10744,16
10745,24
10746,16
10747,10
10748,17
10749,12
10750,17
10751,8
10752,22
10753,24
10754,21
10755,19
10756,19
10757,12
10758,16
10759,12
10760,15
10761,9
10762,8
10763,14
10764,23
10765,14
10766,10
10767,17
10768,21
10769,24
10770,21
10771,6
10772,12
10773,21
10774,24
10775,24
10776,15
10777,14
10778,9
10779,9
10780,9
10781,22
10782,8
10783,15
10784,20
10785,10
10786,18
10787,18
10788,14
10789,23
10790,6
10791,11
10792,9
10793,21
10794,16
10795,11
10796,20
10797,8
10798,7
10799,17
10800,14
10801,22
10802,21
10803,12
10804,18
10805,12
10806,19
10807,16
10808,11
10809,18
10810,15
10811,17
10812,16
10813,9
10814,16
10815,9
10816,17
10817,24
10818,11
10819,9
10820,18
10821,18
10822,14
10823,17
10824,18
10825,15
10826,13
10827,11
10828,24
10829,7
10830,17
10831,11
10832,16
10833,17
10834,22
10835,12
10836,12
10837,16
10838,20
10839,16
10840,15
10841,8
10842,17
10843,13
10844,20
10845,14
10846,24
10847,17
10848,12
10849,20
10850,13
10851,16
10852,18
10853,12
10854,21
10855,19
10856,23
10857,17
10858,21
10859,9
10860,15
10861,12
10862,24
10863,16
10864,8
10865,13
10866,21
10867,16
10868,9
10869,17
10870,16
10871,7
10872,16
10873,19
10874,8
10875,22
10876,18
10877,18
10878,8
10879,18
10880,17
10881,24
10882,12
10883,16
10884,22
10885,14
10886,18
10887,8
10888,15
10889,17
10890,17
10891,14
10892,23
10893,17
10894,24
10895,20
10896,16
10897,15
10898,18
10899,17
10900,16
10901,13
10902,18
10903,19
10904,22
10905,8
10906,23
10907,14
10908,14
10909,15
10910,15
10911,19
10912,6
10913,21
10914,16
10915,7
10916,16
10917,14
10918,17
10919,15
10920,16
10921,17
10922,22
10923,17
10924,18
10925,13
10926,11
10927,17
10928,16
10929,13
10930,11
10931,8
10932,20
10933,17
10934,18
10935,15
10936,20
10937,19
10938,10
10939,16
10940,18
10941,14
10942,12
10943,15
10944,6
10945,18
10946,17
10947,13
10948,17
10949,15
10950,18
10951,13
10952,12
10953,12
10954,14
10955,15
10956,12
10957,18
10958,15
10959,21
10960,13
10961,16
10962,21
10963,16
10964,18
10965,10
10966,14
10967,16
10968,6
10969,24
10970,13
10971,18
10972,18
10973,23
10974,4
10975,19
10976,16
10977,19
10978,17
10979,17
10980,7
10981,17
10982,13
10983,14
10984,17
10985,23
10986,14
10987,23
10988,22
10989,13
10990,22
10991,5
10992,17
10993,17
10994,17
10995,16
10996,6
10997,13
10998,14
10999,21
11000,22
11001,14
11002,16
11003,20
11004,15
11005,13
11006,9
11007,8
11008,16
11009,20
11010,19
11011,21
11012,21
11013,7
11014,20
11015,16
11016,12
11017,17
11018,16
11019,18
11020,17
11021,14
11022,22
11023,8
11024,17
11025,16
11026,7
11027,21
11028,8
11029,24
11030,20
11031,19
11032,21
11033,18
11034,12
11035,24
11036,17
11037,23
11038,20
11039,10
11040,21
11041,18
11042,20
11043,18
11044,16
11045,7
11046,16
11047,20
11048,16
11049,24
11050,14
11051,9
11052,17
11053,10
11054,11
11055,13
11056,23
11057,11
11058,14
11059,12
11060,17
11061,20
11062,22
11063,20
11064,9
11065,9
11066,13
11067,20
11068,14
11069,11
11070,16
11071,15
11072,21
11073,11
11074,8
11075,14
11076,20
11077,11
11078,18
11079,20
11080,18
11081,18
11082,13
11083,23
11084,16
11085,24
11086,20
11087,20
11088,11
11089,16
11090,20
11091,18
11092,10
11093,17
11094,10
11095,22
11096,16
11097,11
11098,16
11099,16
11100,8
11101,21
11102,16
11103,13
11104,14
11105,16
11106,18
11107,13
11108,18
11109,10
11110,19
11111,12
11112,17
11113,7
11114,24
11115,21
11116,24
11117,16
11118,14
11119,24
11120,12
11121,14
11122,17
11123,24
11124,13
11125,11
11126,17
11127,14
11128,6
11129,10
11130,22
11131,16
11132,16
11133,16
11134,19
11135,21
11136,20
11137,24
11138,16
11139,22
11140,16
11141,13
11142,16
11143,19
11144,17
11145,14
11146,5
11147,19
11148,12
11149,17
11150,17
11151,11
11152,7
11153,17
11154,16
11155,15
11156,9
11157,24
11158,24
11159,14
11160,12
11161,16
11162,18
11163,15
11164,20
11165,8
11166,18
11167,14
11168,8
11169,8
11170,13
11171,24
11172,18
11173,11
11174,18
11175,20
11176,11
11177,13
11178,23
11179,17
11180,22
11181,17
11182,16
11183,19
11184,15
11185,20
11186,16
11187,24
11188,17
11189,19
11190,22
11191,18
11192,8
11193,12
11194,16
11195,14
11196,18
11197,21
11198,24
11199,14
11200,10
11201,14
11202,18
11203,8
11204,14
11205,19
11206,10
11207,18
11208,23
11209,14
11210,23
11211,18
11212,17
11213,10
11214,16
11215,14
11216,15
11217,19
11218,15
11219,19
11220,17
11221,18
11222,8
11223,22
11224,8
11225,23
11226,12
11227,9
11228,7
11229,19
11230,16
11231,20
11232,18
11233,16
11234,24
11235,7
11236,11
11237,21
11238,18
11239,15
11240,12
11241,6
11242,16
11243,18
11244,12
11245,21
11246,10
11247,20
11248,14
11249,24
11250,22
11251,18
11252,20
11253,22
11254,14
11255,23
11256,17
11257,9
11258,24
11259,12
11260,16
11261,9
11262,21
11263,14
11264,16
11265,17
11266,18
11267,16
11268,6
11269,18
11270,18
11271,24
11272,20
11273,9
11274,17
11275,16
11276,5
11277,13
11278,12
11279,22
11280,18
11281,11
11282,16
11283,7
11284,12
11285,17
11286,13
11287,24
11288,14
11289,14
11290,12
11291,16
11292,19
11293,20
11294,8
11295,21
11296,16
11297,21
11298,16
11299,14
11300,23
11301,10
11302,16
11303,9
11304,9
11305,20
11306,10
11307,24
11308,10
11309,18
11310,10
11311,16
11312,23
11313,23
11314,16
11315,12
11316,15
11317,9
11318,10
11319,20
11320,13
11321,9
11322,11
11323,11
11324,16
11325,20
11326,17
11327,23
11328,19
11329,23
11330,19
11331,19
11332,16
11333,15
11334,13
11335,24
11336,24
11337,22
11338,24
11339,13
11340,13
11341,22
11342,12
11343,15
11344,16
11345,18
11346,16
11347,18
11348,22
11349,19
11350,19
11351,17
11352,21
11353,11
11354,16
11355,23
11356,15
11357,24
11358,8
11359,22
11360,17
11361,11
11362,23
11363,18
11364,17
11365,20
11366,24
11367,17
11368,17
11369,16
11370,21
11371,22
11372,16
11373,17
11374,16
11375,11
11376,10
11377,14
11378,12
11379,16
11380,18
11381,17
11382,24
11383,21
11384,19
11385,18
11386,15
11387,12
11388,11
11389,17
11390,14
11391,17
11392,19
11393,16
11394,16
11395,24
11396,17
11397,11
11398,9
11399,14
11400,24
11401,21
11402,13
11403,14
11404,18
11405,17
11406,16
11407,15
11408,17
11409,9
11410,20
11411,18
11412,18
11413,18
11414,22
11415,21
11416,23
11417,23
11418,16
11419,21
11420,24
11421,23
11422,7
11423,14
11424,16
11425,17
11426,18
11427,16
11428,19
11429,14
11430,21
11431,20
11432,16
11433,13
11434,20
11435,17
11436,18
11437,14
11438,24
11439,17
11440,11
11441,8
11442,23
11443,22
11444,15
11445,17
11446,20
11447,18
11448,8
11449,8
11450,11
11451,22
11452,12
11453,20
11454,17
11455,20
11456,20
11457,13
11458,14
11459,24
11460,23
11461,14
11462,16
11463,20
11464,8
11465,20
11466,18
11467,19
11468,13
11469,10
11470,14
11471,12
11472,14
11473,20
11474,18
11475,12
11476,7
11477,8
11478,10
11479,15
11480,24
11481,16
11482,24
11483,20
11484,20
11485,9
11486,16
11487,18
11488,15
11489,16
11490,22
11491,4
11492,16
11493,15
11494,16
11495,8
11496,20
11497,24
11498,12
11499,9
11500,12
11501,18
11502,7
11503,16
11504,13
11505,6
11506,23
11507,14
11508,10
11509,18
11510,21
11511,17
11512,13
11513,23
11514,16
11515,20
11516,17
11517,16
11518,9
11519,18
11520,9
11521,13
11522,11
11523,12
11524,22
11525,21
11526,17
11527,14
11528,16
11529,24
11530,23
11531,13
11532,24
11533,18
11534,15
11535,12
11536,14
11537,9
11538,16
11539,8
11540,23
11541,16
11542,24
11543,19
11544,16
11545,23
11546,16
11547,24
11548,7
11549,10
11550,17
11551,10
11552,19
11553,20
11554,17
11555,17
11556,11
11557,15
11558,9
11559,19
11560,20
11561,7
11562,12
11563,24
11564,20
11565,19
11566,14
11567,10
11568,20
11569,17
11570,17
11571,20
11572,24
11573,16
11574,19
11575,23
11576,6
11577,16
11578,14
11579,21
11580,24
11581,16
11582,16
11583,13
11584,18
11585,24
11586,19
11587,17
11588,22
11589,17
11590,19
11591,22
11592,12
11593,15
11594,22
11595,17
11596,10
11597,16
11598,18
11599,24
11600,18
11601,21
11602,10
11603,23
11604,17
11605,14
11606,11
11607,24
11608,10
11609,6
11610,20
11611,17
11612,14
11613,16
11614,21
11615,13
11616,24
11617,17
11618,15
11619,19
11620,15
11621,20
11622,17
11623,4
11624,17
11625,15
11626,17
11627,18
11628,17
11629,14
11630,15
11631,20
11632,9
11633,20
11634,17
11635,16
11636,24
11637,20
11638,12
11639,17
11640,14
11641,13
11642,16
11643,22
11644,19
11645,15
11646,16
11647,17
11648,9
11649,10
11650,14
11651,14
11652,15
11653,23
11654,18
11655,18
11656,20
11657,7
11658,20
11659,12
11660,16
11661,19
11662,10
11663,21
11664,13
11665,10
11666,17
11667,13
11668,19
11669,10
11670,17
11671,18
11672,13
11673,19
11674,14
11675,11
11676,13
11677,16
11678,16
11679,17
11680,15
11681,15
11682,10
11683,17
11684,10
11685,18
11686,19
11687,20
11688,24
11689,12
11690,24
11691,24
11692,22
11693,16
11694,17
11695,17
11696,10
11697,22
11698,17
11699,8
11700,17
11701,2
11702,21
11703,24
11704,9
11705,20
11706,22
11707,23
11708,12
11709,15
11710,16
11711,22
11712,11
11713,14
11714,17
11715,12
11716,24
11717,10
11718,19
11719,24
11720,18
11721,7
11722,13
11723,19
11724,24
11725,7
11726,20
11727,17
11728,19
11729,19
11730,19
11731,17
11732,17
11733,13
11734,9
11735,16
11736,12
11737,6
11738,13
11739,15
11740,18
11741,16
11742,19
11743,22
11744,11
11745,16
11746,17
11747,17
11748,12
11749,15
11750,3
11751,14
11752,19
11753,16
11754,15
11755,16
11756,17
11757,16
11758,17
11759,17
11760,13
11761,16
11762,21
11763,11
11764,14
11765,24
11766,21
11767,21
11768,12
11769,10
11770,20
11771,16
11772,12
11773,16
11774,15
11775,18
11776,16
11777,10
11778,7
11779,15
11780,13
11781,9
11782,22
11783,19
11784,19
11785,24
11786,21
11787,16
11788,16
11789,15
11790,16
11791,21
11792,20
11793,15
11794,15
11795,20
11796,7
11797,17
11798,24
11799,18
11800,8
11801,16
11802,22
11803,18
11804,17
11805,18
11806,17
11807,17
11808,10
11809,9
11810,12
11811,20
11812,15
11813,10
11814,24
11815,19
11816,12
11817,17
11818,13
11819,15
11820,12
11821,17
11822,15
11823,20
11824,8
11825,20
11826,20
11827,21
11828,11
11829,17
11830,21
11831,21
11832,17
11833,24
11834,12
11835,17
11836,19
11837,15
11838,14
11839,11
11840,21
11841,20
11842,17
11843,16
11844,20
11845,14
11846,16
11847,5
11848,23
11849,17
11850,17
11851,16
11852,12
11853,8
11854,13
11855,8
11856,13
11857,11
11858,9
11859,19
11860,22
11861,13
11862,11
11863,20
11864,18
11865,12
11866,15
11867,24
11868,24
11869,15
11870,15
11871,9
11872,17
11873,12
11874,18
11875,14
11876,16
11877,12
11878,8
11879,18
11880,16
11881,19
11882,19
11883,12
11884,14
11885,17
11886,14
11887,16
11888,18
11889,16
11890,19
11891,20
11892,6
11893,16
11894,18
11895,21
11896,17
11897,17
11898,11
11899,11
11900,21
11901,14
11902,14
11903,12
11904,9
11905,16
11906,21
11907,19
11908,16
11909,10
11910,20
11911,14
11912,23
11913,17
11914,16
11915,24
11916,19
11917,24
11918,21
11919,17
11920,19
11921,24
11922,24
11923,14
11924,15
11925,24
11926,16
11927,22
11928,19
11929,17
11930,23
11931,19
11932,17
11933,12
11934,15
11935,22
11936,14
11937,16
11938,11
11939,10
11940,8
11941,17
11942,20
11943,13
11944,10
11945,14
11946,23
11947,12
11948,23
11949,13
11950,11
11951,17
11952,18
11953,17
11954,16
11955,23
11956,20
11957,19
11958,16
11959,16
11960,17
11961,24
11962,19
11963,16
11964,15
11965,13
11966,21
11967,15
11968,23
11969,11
11970,16
11971,10
11972,15
11973,16
11974,16
11975,21
11976,15
11977,18
11978,17
11979,17
11980,19
11981,11
11982,19
11983,24
11984,18
11985,17
11986,22
11987,24
11988,16
11989,22
11990,18
11991,23
11992,16
11993,17
11994,24
11995,12
11996,17
11997,10
11998,18
11999,18
12000,17
12001,14
12002,18
12003,23
12004,15
12005,16
12006,17
12007,18
12008,13
12009,14
12010,19
12011,13
12012,11
12013,22
12014,11
12015,14
12016,10
12017,17
12018,16
12019,19
12020,17
12021,10
12022,23
12023,24
12024,23
12025,18
12026,12
12027,11
12028,20
12029,14
12030,11
12031,8
12032,13
12033,20
12034,13
12035,16
12036,15
12037,16
12038,12
12039,16
12040,12
12041,20
12042,15
12043,16
12044,15
12045,14
12046,16
12047,6
12048,14
12049,15
12050,15
12051,12
12052,24
12053,20
12054,20
12055,16
12056,20
12057,9
12058,7
12059,16
12060,16
12061,22
12062,8
12063,14
12064,22
12065,16
12066,16
12067,8
12068,21
12069,18
12070,16
12071,13
12072,20
12073,21
12074,17
12075,16
12076,15
12077,7
12078,16
12079,6
12080,13
12081,17
12082,9
12083,14
12084,21
12085,22
12086,16
12087,22
12088,17
12089,21
12090,10
12091,14
12092,22
12093,14
12094,18
12095,16
12096,13
12097,18
12098,12
12099,8
12100,16
12101,24
12102,18
12103,14
12104,8
12105,8
12106,13
12107,11
12108,21
12109,14
12110,14
12111,23
12112,14
12113,20
12114,16
12115,13
12116,20
12117,22
12118,21
12119,13
12120,16
12121,17
12122,19
12123,16
12124,23
12125,20
12126,22
12127,6
12128,13
12129,22
12130,10
12131,20
12132,14
12133,20
12134,18
12135,19
12136,8
12137,17
12138,6
12139,16
12140,13
12141,12
12142,12
12143,22
12144,16
12145,19
12146,13
12147,19
12148,24
12149,18
12150,15
12151,12
12152,4
12153,22
12154,10
12155,13
12156,9
12157,16
12158,12
12159,21
12160,16
12161,16
12162,21
12163,16
12164,7
12165,15
12166,11
12167,21
12168,13
12169,15
12170,23
12171,19
12172,20
12173,20
12174,18
12175,17
12176,16
12177,24
12178,14
12179,12
12180,24
12181,19
12182,17
12183,18
12184,19
12185,12
12186,13
12187,8
12188,7
12189,6
12190,14
12191,13
12192,16
12193,9
12194,16
12195,21
12196,9
12197,24
12198,24
12199,16
12200,16
12201,17
12202,20
12203,17
12204,12
12205,11
12206,14
12207,11
12208,22
12209,18
12210,18
12211,19
12212,24
12213,14
12214,23
12215,19
12216,18
12217,13
12218,22
12219,19
12220,19
12221,17
12222,12
12223,13
12224,13
12225,24
12226,24
12227,14
12228,18
12229,16
12230,16
12231,13
12232,14
12233,14
12234,16
12235,13
12236,15
12237,16
12238,9
12239,15
12240,16
12241,18
12242,18
12243,8
12244,8
12245,19
12246,14
12247,18
12248,19
12249,24
12250,12
12251,16
12252,19
12253,22
12254,15
12255,34
12256,46
12257,40
12258,30
12259,26
12260,40
12261,40
12262,34
12263,41
12264,40
12265,31
12266,44
12267,31
12268,36
12269,43
12270,20
12271,45
12272,40
12273,30
12274,35
12275,40
12276,42
12277,34
12278,33
12279,38
12280,36
12281,45
12282,31
12283,30
12284,34
12285,33
12286,40
12287,47
12288,30
12289,40
12290,32
12291,40
12292,30
12293,40
12294,45
12295,45
12296,45
12297,50
12298,39
12299,33
12300,33
12301,34
12302,40
12303,33
12304,33
12305,40
12306,36
12307,37
12308,40
12309,33
12310,37
12311,42
12312,40
12313,40
12314,38
12315,31
12316,42
12317,40
12318,35
12319,35
12320,33
12321,33
12322,30
12323,37
12324,40
12325,40
12326,35
12327,35
12328,31
12329,40
12330,40
12331,36
12332,32
12333,31
12334,30
12335,32
12336,30
12337,55
12338,45
12339,41
12340,45
12341,33
12342,60
12343,45
12344,28
12345,49
12346,33
12347,29
12348,36
12349,40
12350,40
12351,40
12352,27
12353,24
12354,32
12355,33
12356,40
12357,30
12358,34
12359,35
12360,30
12361,44
12362,31
12363,32
12364,40
12365,32
12366,40
12367,36
12368,43
12369,36
12370,40
12371,45
12372,36
12373,38
12374,37
12375,36
12376,31
12377,20
12378,38
12379,32
12380,37
12381,40
12382,35
12383,40
12384,28
12385,38
12386,36
12387,43
12388,34
12389,32
12390,50
12391,40
12392,40
12393,37
12394,36
12395,40
12396,30
12397,32
12398,44
12399,37
12400,42
12401,40
12402,40
12403,30
12404,34
12405,44
12406,36
12407,35
12408,34
12409,32
12410,40
12411,34
12412,40
12413,40
12414,37
12415,38
12416,29
12417,34
12418,32
12419,43
12420,37
12421,34
12422,29
12423,30
12424,47
12425,36
12426,40
12427,29
12428,40
12429,41
12430,40
12431,32
12432,40
12433,44
12434,34
12435,31
12436,40
12437,40
12438,40
12439,31
12440,29
12441,43
12442,40
12443,40
12444,36
12445,31
12446,15
12447,40
12448,36
12449,45
12450,35
12451,45
12452,40
12453,40
12454,36
12455,28
12456,40
12457,20
12458,36
12459,46
12460,32
12461,41
12462,44
12463,36
12464,42
12465,42
12466,31
12467,40
12468,32
12469,43
12470,31
12471,36
12472,35
12473,36
12474,40
12475,45
12476,40
12477,38
12478,36
12479,37
12480,30
12481,41
12482,40
12483,36
12484,29
12485,32
12486,36
12487,40
12488,40
12489,33
12490,40
12491,30
12492,24
12493,33
12494,40
12495,31
12496,27
12497,33
12498,40
12499,37
12500,34
12501,33
12502,40
12503,32
12504,32
12505,30
12506,44
12507,25
12508,40
12509,27
12510,36
12511,45
12512,41
12513,50
12514,42
12515,36
12516,36
12517,40
12518,36
12519,37
12520,40
12521,42
12522,32
12523,30
12524,43
12525,35
12526,48
12527,40
12528,40
12529,45
12530,45
12531,30
12532,37
12533,38
12534,47
12535,41
12536,36
12537,42
12538,40
12539,30
12540,35
12541,40
12542,37
12543,35
12544,40
12545,40
12546,35
12547,34
12548,36
12549,41
12550,37
12551,30
12552,34
12553,36
12554,37
12555,34
12556,43
12557,42
12558,40
12559,35
12560,37
12561,46
12562,43
12563,40
12564,40
12565,31
12566,32
12567,40
12568,40
12569,40
12570,40
12571,45
12572,36
12573,35
12574,36
12575,40
12576,32
12577,37
12578,48
12579,33
12580,50
12581,46
12582,43
12583,27
12584,35
12585,36
12586,45
12587,35
12588,40
12589,35
12590,34
12591,40
12592,33
12593,39
12594,33
12595,24
12596,31
12597,36
12598,40
12599,40
12600,32
12601,47
12602,40
12603,35
12604,36
12605,28
12606,35
12607,33
12608,34
12609,36
12610,40
12611,40
12612,35
12613,46
12614,34
12615,40
12616,40
12617,45
12618,31
12619,40
12620,40
12621,39
12622,35
12623,42
12624,38
12625,34
12626,26
12627,31
12628,31
12629,40
12630,40
12631,31
12632,36
12633,42
12634,39
12635,37
12636,37
12637,36
12638,34
12639,35
12640,40
12641,42
12642,36
12643,34
12644,35
12645,40
12646,45
12647,40
12648,31
12649,31
12650,34
12651,44
12652,38
12653,42
12654,35
12655,33
12656,40
12657,40
12658,41
12659,30
12660,42
12661,40
12662,30
12663,31
12664,27
12665,36
12666,43
12667,50
12668,40
12669,40
12670,36
12671,40
12672,28
12673,40
12674,40
12675,37
12676,26
12677,30
12678,30
12679,40
12680,37
12681,34
12682,28
12683,42
12684,44
12685,40
12686,40
12687,41
12688,33
12689,30
12690,40
12691,43
12692,36
12693,36
12694,32
12695,36
12696,35
12697,38
12698,38
12699,40
12700,30
12701,40
12702,34
12703,40
12704,40
12705,34
12706,30
12707,33
12708,40
12709,40
12710,38
12711,37
12712,36
12713,40
12714,46
12715,49
12716,37
12717,30
12718,50
12719,33
12720,34
12721,45
12722,40
12723,32
12724,30
12725,41
12726,44
12727,21
12728,40
12729,37
12730,46
12731,30
12732,40
12733,38
12734,40
12735,32
12736,35
12737,29
12738,46
12739,40
12740,36
12741,43
12742,40
12743,45
12744,33
12745,30
12746,37
12747,26
12748,40
12749,36
12750,30
12751,36
12752,34
12753,34
12754,37
12755,40
12756,47
12757,47
12758,32
12759,31
12760,32
12761,40
12762,36
12763,31
12764,37
12765,35
12766,28
12767,37
12768,41
12769,46
12770,35
12771,45
12772,45
12773,37
12774,41
12775,39
12776,29
12777,31
12778,40
12779,38
12780,37
12781,34
12782,35
12783,37
12784,42
12785,40
12786,38
12787,50
12788,42
12789,40
12790,40
12791,20
12792,36
12793,34
12794,40
12795,30
12796,31
12797,40
12798,50
12799,25
12800,41
12801,37
12802,40
12803,40
12804,21
12805,44
12806,33
12807,31
12808,32
12809,46
12810,41
12811,35
12812,40
12813,45
12814,43
12815,41
12816,41
12817,36
12818,34
12819,41
12820,35
12821,30
12822,55
12823,40
12824,50
12825,35
12826,32
12827,37
12828,34
12829,46
12830,34
12831,41
12832,40
12833,34
12834,30
12835,30
12836,36
12837,30
12838,32
12839,35
12840,45
12841,33
12842,36
12843,42
12844,39
12845,40
12846,40
12847,40
12848,32
12849,35
12850,25
12851,36
12852,45
12853,35
12854,36
12855,40
12856,33
12857,39
12858,40
12859,28
12860,28
12861,42
12862,31
12863,32
12864,40
12865,30
12866,41
12867,50
12868,36
12869,30
12870,41
12871,22
12872,50
12873,30
12874,40
12875,36
12876,37
12877,28
12878,38
12879,32
12880,40
12881,45
12882,36
12883,45
12884,30
12885,43
12886,37
12887,28
12888,37
12889,34
12890,36
12891,35
12892,32
12893,40
12894,37
12895,38
12896,40
12897,30
12898,40
12899,38
12900,46
12901,50
12902,50
12903,35
12904,35
12905,35
12906,33
12907,45
12908,45
12909,40
12910,40
12911,31
12912,36
12913,35
12914,42
12915,35
12916,30
12917,40
12918,33
12919,25
12920,31
12921,25
12922,44
12923,42
12924,38
12925,31
12926,44
12927,40
12928,46
12929,41
12930,37
12931,45
12932,40
12933,34
12934,31
12935,40
12936,35
12937,40
12938,30
12939,40
12940,32
12941,27
12942,36
12943,34
12944,30
12945,39
12946,30
12947,30
12948,40
12949,32
12950,36
12951,31
12952,30
12953,47
12954,40
12955,35
12956,33
12957,36
12958,36
12959,48
12960,40
12961,40
12962,40
12963,42
12964,40
12965,32
12966,36
12967,40
12968,10
12969,33
12970,44
12971,35
12972,30
12973,35
12974,32
12975,40
12976,40
12977,40
